financial_year,mid_year,icb_name,icb_code,identified_patients,total_items,population,patients_per_100k,items_per_100k
2015/2016,2015,NHS KENT AND MEDWAY INTEGRATED CARE BOARD,E54000032,6768.0,60982.0,1793053.0,377.5,3401.0
2015/2016,2015,NHS NORFOLK AND WAVENEY INTEGRATED CARE BOARD,E54000022,3734.0,36010.0,998295.0,374.0,3607.2
2015/2016,2015,NHS NORTHAMPTONSHIRE INTEGRATED CARE BOARD,E54000059,2378.0,26017.0,733189.0,324.3,3548.5
2015/2016,2015,NHS SURREY HEARTLANDS INTEGRATED CARE BOARD,E54000063,3249.0,25920.0,1023269.0,317.5,2533.1
2015/2016,2015,NHS MID AND SOUTH ESSEX INTEGRATED CARE BOARD,E54000026,3401.0,29201.0,1165495.0,291.8,2505.5
2015/2016,2015,NHS CHESHIRE AND MERSEYSIDE INTEGRATED CARE BOARD,E54000008,6482.0,59967.0,2445540.0,265.1,2452.1
2015/2016,2015,NHS LINCOLNSHIRE INTEGRATED CARE BOARD,E54000013,1941.0,18239.0,738351.0,262.9,2470.2
2015/2016,2015,"NHS BEDFORDSHIRE, LUTON AND MILTON KEYNES INTEGRATED CARE BOARD",E54000024,2409.0,20222.0,934640.0,257.7,2163.6
2015/2016,2015,NHS NOTTINGHAM AND NOTTINGHAMSHIRE INTEGRATED CARE BOARD,E54000060,2871.0,22709.0,1115915.0,257.3,2035.0
2015/2016,2015,NHS FRIMLEY INTEGRATED CARE BOARD,E54000034,1815.0,14562.0,739475.0,245.4,1969.2
2015/2016,2015,NHS NORTH EAST AND NORTH CUMBRIA INTEGRATED CARE BOARD,E54000050,7164.0,75400.0,2929837.0,244.5,2573.5
2015/2016,2015,"NHS LEICESTER, LEICESTERSHIRE AND RUTLAND INTEGRATED CARE BOARD",E54000015,2491.0,21915.0,1059406.0,235.1,2068.6
2015/2016,2015,NHS LANCASHIRE AND SOUTH CUMBRIA INTEGRATED CARE BOARD,E54000048,3903.0,39130.0,1668205.0,234.0,2345.6
2015/2016,2015,NHS DERBY AND DERBYSHIRE INTEGRATED CARE BOARD,E54000058,2383.0,22871.0,1034779.0,230.3,2210.2
2015/2016,2015,NHS CAMBRIDGESHIRE AND PETERBOROUGH INTEGRATED CARE BOARD,E54000056,1989.0,19126.0,870455.0,228.5,2197.2
2015/2016,2015,NHS DORSET INTEGRATED CARE BOARD,E54000041,1736.0,14282.0,763227.0,227.5,1871.3
2015/2016,2015,NHS HEREFORDSHIRE AND WORCESTERSHIRE INTEGRATED CARE BOARD,E54000019,1717.0,15441.0,768243.0,223.5,2009.9
2015/2016,2015,NHS BLACK COUNTRY INTEGRATED CARE BOARD,E54000062,2594.0,27431.0,1173921.0,221.0,2336.7
2015/2016,2015,NHS GREATER MANCHESTER INTEGRATED CARE BOARD,E54000057,6063.0,57883.0,2756962.0,219.9,2099.5
2015/2016,2015,NHS HERTFORDSHIRE AND WEST ESSEX INTEGRATED CARE BOARD,E54000025,3093.0,23779.0,1451377.0,213.1,1638.4
2015/2016,2015,NHS SUFFOLK AND NORTH EAST ESSEX INTEGRATED CARE BOARD,E54000023,2015.0,17605.0,953917.0,211.2,1845.5
2015/2016,2015,NHS HAMPSHIRE AND ISLE OF WIGHT INTEGRATED CARE BOARD,E54000042,3687.0,30518.0,1781095.0,207.0,1713.4
2015/2016,2015,NHS SUSSEX INTEGRATED CARE BOARD,E54000064,3402.0,29545.0,1660505.0,204.9,1779.3
2015/2016,2015,"NHS BUCKINGHAMSHIRE, OXFORDSHIRE AND BERKSHIRE WEST INTEGRATED CARE BOARD",E54000044,3462.0,29038.0,1690868.0,204.7,1717.3
2015/2016,2015,NHS SOUTH YORKSHIRE INTEGRATED CARE BOARD,E54000061,2777.0,27088.0,1359690.0,204.2,1992.2
2015/2016,2015,NHS DEVON INTEGRATED CARE BOARD,E54000037,2309.0,20291.0,1164950.0,198.2,1741.8
2015/2016,2015,"NHS BRISTOL, NORTH SOMERSET AND SOUTH GLOUCESTERSHIRE INTEGRATED CARE BOARD",E54000039,1832.0,13845.0,934532.0,196.0,1481.5
2015/2016,2015,NHS SOUTH EAST LONDON INTEGRATED CARE BOARD,E54000030,3433.0,24924.0,1763603.0,194.7,1413.2
2015/2016,2015,NHS SOMERSET INTEGRATED CARE BOARD,E54000038,1050.0,8612.0,548792.0,191.3,1569.3
2015/2016,2015,NHS CORNWALL AND THE ISLES OF SCILLY INTEGRATED CARE BOARD,E54000036,1008.0,7925.0,549572.0,183.4,1442.0
2015/2016,2015,NHS SOUTH WEST LONDON INTEGRATED CARE BOARD,E54000031,2540.0,20183.0,1481494.0,171.4,1362.3
2015/2016,2015,NHS BIRMINGHAM AND SOLIHULL INTEGRATED CARE BOARD,E54000055,2214.0,14643.0,1326629.0,166.9,1103.8
2015/2016,2015,"NHS SHROPSHIRE, TELFORD AND WREKIN INTEGRATED CARE BOARD",E54000011,788.0,8003.0,483649.0,162.9,1654.7
2015/2016,2015,NHS GLOUCESTERSHIRE INTEGRATED CARE BOARD,E54000043,990.0,9176.0,617671.0,160.3,1485.6
2015/2016,2015,NHS NORTH CENTRAL LONDON INTEGRATED CARE BOARD,E54000028,2188.0,15031.0,1420919.0,154.0,1057.8
2015/2016,2015,NHS NORTH EAST LONDON INTEGRATED CARE BOARD,E54000029,2919.0,21302.0,1915093.0,152.4,1112.3
2015/2016,2015,NHS NORTH WEST LONDON INTEGRATED CARE BOARD,E54000027,2852.0,20359.0,2078436.0,137.2,979.5
2015/2016,2015,"NHS BATH AND NORTH EAST SOMERSET, SWINDON AND WILTSHIRE INTEGRATED CARE BOARD",E54000040,1210.0,9859.0,898199.0,134.7,1097.6
2015/2016,2015,NHS HUMBER AND NORTH YORKSHIRE INTEGRATED CARE BOARD,E54000051,2037.0,19966.0,1676973.0,121.5,1190.6
2015/2016,2015,NHS WEST YORKSHIRE INTEGRATED CARE BOARD,E54000054,2803.0,24473.0,2334610.0,120.1,1048.3
2015/2016,2015,NHS COVENTRY AND WARWICKSHIRE INTEGRATED CARE BOARD,E54000018,1051.0,10217.0,892583.0,117.7,1144.7
2015/2016,2015,NHS STAFFORDSHIRE AND STOKE-ON-TRENT INTEGRATED CARE BOARD,E54000010,1233.0,11155.0,1111262.0,111.0,1003.8
2016/2017,2016,NHS KENT AND MEDWAY INTEGRATED CARE BOARD,E54000032,7502.0,66427.0,1808526.0,414.8,3673.0
2016/2017,2016,NHS NORFOLK AND WAVENEY INTEGRATED CARE BOARD,E54000022,3988.0,39315.0,1006735.0,396.1,3905.2
2016/2017,2016,NHS SURREY HEARTLANDS INTEGRATED CARE BOARD,E54000063,3620.0,29651.0,1029457.0,351.6,2880.3
2016/2017,2016,NHS NORTHAMPTONSHIRE INTEGRATED CARE BOARD,E54000059,2520.0,27562.0,746666.0,337.5,3691.3
2016/2017,2016,NHS MID AND SOUTH ESSEX INTEGRATED CARE BOARD,E54000026,3661.0,33324.0,1175518.0,311.4,2834.8
2016/2017,2016,NHS NOTTINGHAM AND NOTTINGHAMSHIRE INTEGRATED CARE BOARD,E54000060,3445.0,27495.0,1125047.0,306.2,2443.9
2016/2017,2016,NHS CHESHIRE AND MERSEYSIDE INTEGRATED CARE BOARD,E54000008,7455.0,64963.0,2461826.0,302.8,2638.8
2016/2017,2016,"NHS BEDFORDSHIRE, LUTON AND MILTON KEYNES INTEGRATED CARE BOARD",E54000024,2731.0,23552.0,949976.0,287.5,2479.2
2016/2017,2016,NHS LINCOLNSHIRE INTEGRATED CARE BOARD,E54000013,2089.0,20355.0,746141.0,280.0,2728.0
2016/2017,2016,"NHS LEICESTER, LEICESTERSHIRE AND RUTLAND INTEGRATED CARE BOARD",E54000015,2797.0,23652.0,1073921.0,260.4,2202.4
2016/2017,2016,NHS FRIMLEY INTEGRATED CARE BOARD,E54000034,1946.0,15838.0,748219.0,260.1,2116.8
2016/2017,2016,NHS LANCASHIRE AND SOUTH CUMBRIA INTEGRATED CARE BOARD,E54000048,4343.0,43855.0,1675676.0,259.2,2617.2
2016/2017,2016,NHS DERBY AND DERBYSHIRE INTEGRATED CARE BOARD,E54000058,2694.0,25839.0,1039840.0,259.1,2484.9
2016/2017,2016,NHS NORTH EAST AND NORTH CUMBRIA INTEGRATED CARE BOARD,E54000050,7473.0,80003.0,2936401.0,254.5,2724.5
2016/2017,2016,NHS HEREFORDSHIRE AND WORCESTERSHIRE INTEGRATED CARE BOARD,E54000019,1941.0,17395.0,774187.0,250.7,2246.9
2016/2017,2016,NHS DORSET INTEGRATED CARE BOARD,E54000041,1873.0,16412.0,769482.0,243.4,2132.9
2016/2017,2016,NHS GREATER MANCHESTER INTEGRATED CARE BOARD,E54000057,6705.0,62551.0,2784566.0,240.8,2246.3
2016/2017,2016,NHS CAMBRIDGESHIRE AND PETERBOROUGH INTEGRATED CARE BOARD,E54000056,2115.0,21304.0,881914.0,239.8,2415.7
2016/2017,2016,NHS SUFFOLK AND NORTH EAST ESSEX INTEGRATED CARE BOARD,E54000023,2212.0,20448.0,960582.0,230.3,2128.7
2016/2017,2016,NHS BLACK COUNTRY INTEGRATED CARE BOARD,E54000062,2719.0,28703.0,1184454.0,229.6,2423.3
2016/2017,2016,NHS SOUTH YORKSHIRE INTEGRATED CARE BOARD,E54000061,3107.0,30797.0,1366070.0,227.4,2254.4
2016/2017,2016,"NHS BUCKINGHAMSHIRE, OXFORDSHIRE AND BERKSHIRE WEST INTEGRATED CARE BOARD",E54000044,3838.0,32300.0,1710406.0,224.4,1888.4
2016/2017,2016,NHS DEVON INTEGRATED CARE BOARD,E54000037,2623.0,23589.0,1174412.0,223.3,2008.6
2016/2017,2016,NHS HAMPSHIRE AND ISLE OF WIGHT INTEGRATED CARE BOARD,E54000042,3964.0,32998.0,1795367.0,220.8,1838.0
2016/2017,2016,NHS SOUTH EAST LONDON INTEGRATED CARE BOARD,E54000030,3924.0,27830.0,1782617.0,220.1,1561.2
2016/2017,2016,NHS SOMERSET INTEGRATED CARE BOARD,E54000038,1178.0,9859.0,554806.0,212.3,1777.0
2016/2017,2016,NHS SUSSEX INTEGRATED CARE BOARD,E54000064,3537.0,32631.0,1675053.0,211.2,1948.1
2016/2017,2016,NHS HERTFORDSHIRE AND WEST ESSEX INTEGRATED CARE BOARD,E54000025,3029.0,24983.0,1466762.0,206.5,1703.3
2016/2017,2016,NHS SOUTH WEST LONDON INTEGRATED CARE BOARD,E54000031,3057.0,23771.0,1494518.0,204.5,1590.5
2016/2017,2016,"NHS BRISTOL, NORTH SOMERSET AND SOUTH GLOUCESTERSHIRE INTEGRATED CARE BOARD",E54000039,1821.0,14202.0,948056.0,192.1,1498.0
2016/2017,2016,NHS CORNWALL AND THE ISLES OF SCILLY INTEGRATED CARE BOARD,E54000036,976.0,8381.0,553439.0,176.4,1514.3
2016/2017,2016,NHS NORTH CENTRAL LONDON INTEGRATED CARE BOARD,E54000028,2504.0,17843.0,1434126.0,174.6,1244.2
2016/2017,2016,"NHS SHROPSHIRE, TELFORD AND WREKIN INTEGRATED CARE BOARD",E54000011,819.0,8683.0,488188.0,167.8,1778.6
2016/2017,2016,NHS NORTH EAST LONDON INTEGRATED CARE BOARD,E54000029,3230.0,23725.0,1943961.0,166.2,1220.4
2016/2017,2016,NHS GLOUCESTERSHIRE INTEGRATED CARE BOARD,E54000043,971.0,9591.0,624076.0,155.6,1536.8
2016/2017,2016,NHS NORTH WEST LONDON INTEGRATED CARE BOARD,E54000027,3217.0,23061.0,2088429.0,154.0,1104.2
2016/2017,2016,"NHS BATH AND NORTH EAST SOMERSET, SWINDON AND WILTSHIRE INTEGRATED CARE BOARD",E54000040,1356.0,11066.0,908282.0,149.3,1218.3
2016/2017,2016,NHS BIRMINGHAM AND SOLIHULL INTEGRATED CARE BOARD,E54000055,1934.0,12515.0,1344332.0,143.9,930.9
2016/2017,2016,NHS HUMBER AND NORTH YORKSHIRE INTEGRATED CARE BOARD,E54000051,2144.0,21180.0,1683228.0,127.4,1258.3
2016/2017,2016,NHS COVENTRY AND WARWICKSHIRE INTEGRATED CARE BOARD,E54000018,1147.0,11600.0,903689.0,126.9,1283.6
2016/2017,2016,NHS WEST YORKSHIRE INTEGRATED CARE BOARD,E54000054,2847.0,26200.0,2352685.0,121.0,1113.6
2016/2017,2016,NHS STAFFORDSHIRE AND STOKE-ON-TRENT INTEGRATED CARE BOARD,E54000010,1308.0,12021.0,1117398.0,117.1,1075.8
2017/2018,2017,NHS KENT AND MEDWAY INTEGRATED CARE BOARD,E54000032,8063.0,71424.0,1821359.0,442.7,3921.5
2017/2018,2017,NHS NORFOLK AND WAVENEY INTEGRATED CARE BOARD,E54000022,4159.0,40725.0,1014834.0,409.8,4013.0
2017/2018,2017,NHS SURREY HEARTLANDS INTEGRATED CARE BOARD,E54000063,3914.0,31950.0,1032558.0,379.1,3094.3
2017/2018,2017,NHS NORTHAMPTONSHIRE INTEGRATED CARE BOARD,E54000059,2708.0,28441.0,759436.0,356.6,3745.0
2017/2018,2017,NHS CHESHIRE AND MERSEYSIDE INTEGRATED CARE BOARD,E54000008,8769.0,71917.0,2475936.0,354.2,2904.6
2017/2018,2017,NHS NOTTINGHAM AND NOTTINGHAMSHIRE INTEGRATED CARE BOARD,E54000060,3869.0,30981.0,1132711.0,341.6,2735.1
2017/2018,2017,NHS MID AND SOUTH ESSEX INTEGRATED CARE BOARD,E54000026,3964.0,34412.0,1181834.0,335.4,2911.7
2017/2018,2017,"NHS BEDFORDSHIRE, LUTON AND MILTON KEYNES INTEGRATED CARE BOARD",E54000024,2990.0,25130.0,956975.0,312.4,2626.0
2017/2018,2017,"NHS LEICESTER, LEICESTERSHIRE AND RUTLAND INTEGRATED CARE BOARD",E54000015,3296.0,26052.0,1089182.0,302.6,2391.9
2017/2018,2017,NHS LINCOLNSHIRE INTEGRATED CARE BOARD,E54000013,2176.0,21020.0,753031.0,289.0,2791.4
2017/2018,2017,NHS HEREFORDSHIRE AND WORCESTERSHIRE INTEGRATED CARE BOARD,E54000019,2218.0,20004.0,778727.0,284.8,2568.8
2017/2018,2017,NHS DERBY AND DERBYSHIRE INTEGRATED CARE BOARD,E54000058,2924.0,27583.0,1043986.0,280.1,2642.1
2017/2018,2017,NHS FRIMLEY INTEGRATED CARE BOARD,E54000034,2096.0,16994.0,751900.0,278.8,2260.1
2017/2018,2017,NHS LANCASHIRE AND SOUTH CUMBRIA INTEGRATED CARE BOARD,E54000048,4500.0,44989.0,1683660.0,267.3,2672.1
2017/2018,2017,NHS DORSET INTEGRATED CARE BOARD,E54000041,2054.0,17768.0,774049.0,265.4,2295.5
2017/2018,2017,NHS NORTH EAST AND NORTH CUMBRIA INTEGRATED CARE BOARD,E54000050,7671.0,82394.0,2941781.0,260.8,2800.8
2017/2018,2017,NHS SUFFOLK AND NORTH EAST ESSEX INTEGRATED CARE BOARD,E54000023,2524.0,23140.0,968804.0,260.5,2388.5
2017/2018,2017,NHS GREATER MANCHESTER INTEGRATED CARE BOARD,E54000057,7175.0,67431.0,2804283.0,255.9,2404.6
2017/2018,2017,NHS CAMBRIDGESHIRE AND PETERBOROUGH INTEGRATED CARE BOARD,E54000056,2246.0,21856.0,889555.0,252.5,2457.0
2017/2018,2017,NHS BLACK COUNTRY INTEGRATED CARE BOARD,E54000062,2957.0,30608.0,1195242.0,247.4,2560.8
2017/2018,2017,"NHS BUCKINGHAMSHIRE, OXFORDSHIRE AND BERKSHIRE WEST INTEGRATED CARE BOARD",E54000044,4257.0,35704.0,1722234.0,247.2,2073.1
2017/2018,2017,NHS DEVON INTEGRATED CARE BOARD,E54000037,2927.0,27187.0,1185975.0,246.8,2292.4
2017/2018,2017,NHS SOUTH YORKSHIRE INTEGRATED CARE BOARD,E54000061,3311.0,31954.0,1368187.0,242.0,2335.5
2017/2018,2017,NHS SOUTH EAST LONDON INTEGRATED CARE BOARD,E54000030,4317.0,30252.0,1791795.0,240.9,1688.4
2017/2018,2017,NHS SUSSEX INTEGRATED CARE BOARD,E54000064,3960.0,35484.0,1683734.0,235.2,2107.5
2017/2018,2017,NHS SOUTH WEST LONDON INTEGRATED CARE BOARD,E54000031,3518.0,27413.0,1500945.0,234.4,1826.4
2017/2018,2017,NHS HAMPSHIRE AND ISLE OF WIGHT INTEGRATED CARE BOARD,E54000042,4135.0,34474.0,1804547.0,229.1,1910.4
2017/2018,2017,NHS HERTFORDSHIRE AND WEST ESSEX INTEGRATED CARE BOARD,E54000025,3367.0,26886.0,1473872.0,228.4,1824.2
2017/2018,2017,NHS SOMERSET INTEGRATED CARE BOARD,E54000038,1270.0,10464.0,558895.0,227.2,1872.3
2017/2018,2017,"NHS BRISTOL, NORTH SOMERSET AND SOUTH GLOUCESTERSHIRE INTEGRATED CARE BOARD",E54000039,1955.0,16220.0,955193.0,204.7,1698.1
2017/2018,2017,NHS NORTH CENTRAL LONDON INTEGRATED CARE BOARD,E54000028,2881.0,19721.0,1432025.0,201.2,1377.1
2017/2018,2017,NHS CORNWALL AND THE ISLES OF SCILLY INTEGRATED CARE BOARD,E54000036,1039.0,10012.0,559091.0,185.8,1790.8
2017/2018,2017,NHS NORTH EAST LONDON INTEGRATED CARE BOARD,E54000029,3521.0,25712.0,1960058.0,179.6,1311.8
2017/2018,2017,NHS GLOUCESTERSHIRE INTEGRATED CARE BOARD,E54000043,1128.0,10715.0,629712.0,179.1,1701.6
2017/2018,2017,"NHS SHROPSHIRE, TELFORD AND WREKIN INTEGRATED CARE BOARD",E54000011,869.0,8707.0,492760.0,176.4,1767.0
2017/2018,2017,NHS NORTH WEST LONDON INTEGRATED CARE BOARD,E54000027,3666.0,25360.0,2091406.0,175.3,1212.6
2017/2018,2017,"NHS BATH AND NORTH EAST SOMERSET, SWINDON AND WILTSHIRE INTEGRATED CARE BOARD",E54000040,1419.0,11541.0,917464.0,154.7,1257.9
2017/2018,2017,NHS COVENTRY AND WARWICKSHIRE INTEGRATED CARE BOARD,E54000018,1266.0,12468.0,912337.0,138.8,1366.6
2017/2018,2017,NHS HUMBER AND NORTH YORKSHIRE INTEGRATED CARE BOARD,E54000051,2339.0,22244.0,1688026.0,138.6,1317.8
2017/2018,2017,NHS WEST YORKSHIRE INTEGRATED CARE BOARD,E54000054,2976.0,27281.0,2365463.0,125.8,1153.3
2017/2018,2017,NHS BIRMINGHAM AND SOLIHULL INTEGRATED CARE BOARD,E54000055,1649.0,11637.0,1354223.0,121.8,859.3
2017/2018,2017,NHS STAFFORDSHIRE AND STOKE-ON-TRENT INTEGRATED CARE BOARD,E54000010,1318.0,12694.0,1121763.0,117.5,1131.6
2018/2019,2018,NHS KENT AND MEDWAY INTEGRATED CARE BOARD,E54000032,8482.0,75047.0,1831680.0,463.1,4097.2
2018/2019,2018,NHS NORFOLK AND WAVENEY INTEGRATED CARE BOARD,E54000022,4187.0,40814.0,1019909.0,410.5,4001.7
2018/2019,2018,NHS SURREY HEARTLANDS INTEGRATED CARE BOARD,E54000063,4121.0,33849.0,1033950.0,398.6,3273.8
2018/2019,2018,NHS NORTHAMPTONSHIRE INTEGRATED CARE BOARD,E54000059,3058.0,30451.0,769240.0,397.5,3958.6
2018/2019,2018,NHS CHESHIRE AND MERSEYSIDE INTEGRATED CARE BOARD,E54000008,9734.0,80235.0,2489958.0,390.9,3222.3
2018/2019,2018,"NHS LEICESTER, LEICESTERSHIRE AND RUTLAND INTEGRATED CARE BOARD",E54000015,4019.0,32184.0,1102237.0,364.6,2919.9
2018/2019,2018,NHS MID AND SOUTH ESSEX INTEGRATED CARE BOARD,E54000026,4308.0,37313.0,1187367.0,362.8,3142.5
2018/2019,2018,NHS NOTTINGHAM AND NOTTINGHAMSHIRE INTEGRATED CARE BOARD,E54000060,4120.0,33317.0,1139072.0,361.7,2924.9
2018/2019,2018,"NHS BEDFORDSHIRE, LUTON AND MILTON KEYNES INTEGRATED CARE BOARD",E54000024,3215.0,27380.0,965638.0,332.9,2835.4
2018/2019,2018,NHS HEREFORDSHIRE AND WORCESTERSHIRE INTEGRATED CARE BOARD,E54000019,2563.0,23180.0,781503.0,328.0,2966.1
2018/2019,2018,NHS LINCOLNSHIRE INTEGRATED CARE BOARD,E54000013,2472.0,23680.0,757281.0,326.4,3127.0
2018/2019,2018,NHS DERBY AND DERBYSHIRE INTEGRATED CARE BOARD,E54000058,3387.0,30687.0,1047321.0,323.4,2930.0
2018/2019,2018,NHS DORSET INTEGRATED CARE BOARD,E54000041,2267.0,19446.0,775668.0,292.3,2507.0
2018/2019,2018,"NHS BUCKINGHAMSHIRE, OXFORDSHIRE AND BERKSHIRE WEST INTEGRATED CARE BOARD",E54000044,4972.0,40630.0,1736001.0,286.4,2340.4
2018/2019,2018,NHS SUFFOLK AND NORTH EAST ESSEX INTEGRATED CARE BOARD,E54000023,2784.0,26031.0,973192.0,286.1,2674.8
2018/2019,2018,NHS FRIMLEY INTEGRATED CARE BOARD,E54000034,2159.0,17138.0,755629.0,285.7,2268.0
2018/2019,2018,NHS NORTH EAST AND NORTH CUMBRIA INTEGRATED CARE BOARD,E54000050,8323.0,85379.0,2947451.0,282.4,2896.7
2018/2019,2018,NHS LANCASHIRE AND SOUTH CUMBRIA INTEGRATED CARE BOARD,E54000048,4767.0,45642.0,1690299.0,282.0,2700.2
2018/2019,2018,NHS GREATER MANCHESTER INTEGRATED CARE BOARD,E54000057,7672.0,72199.0,2823878.0,271.7,2556.7
2018/2019,2018,NHS SOUTH EAST LONDON INTEGRATED CARE BOARD,E54000030,4811.0,33730.0,1803926.0,266.7,1869.8
2018/2019,2018,NHS SOUTH WEST LONDON INTEGRATED CARE BOARD,E54000031,3982.0,31301.0,1506373.0,264.3,2077.9
2018/2019,2018,NHS DEVON INTEGRATED CARE BOARD,E54000037,3118.0,29443.0,1193623.0,261.2,2466.7
2018/2019,2018,NHS SUSSEX INTEGRATED CARE BOARD,E54000064,4392.0,38526.0,1692217.0,259.5,2276.7
2018/2019,2018,NHS CAMBRIDGESHIRE AND PETERBOROUGH INTEGRATED CARE BOARD,E54000056,2323.0,22463.0,896611.0,259.1,2505.3
2018/2019,2018,NHS BLACK COUNTRY INTEGRATED CARE BOARD,E54000062,3115.0,31892.0,1203361.0,258.9,2650.2
2018/2019,2018,NHS SOUTH YORKSHIRE INTEGRATED CARE BOARD,E54000061,3526.0,33085.0,1372522.0,256.9,2410.5
2018/2019,2018,NHS HERTFORDSHIRE AND WEST ESSEX INTEGRATED CARE BOARD,E54000025,3646.0,29713.0,1480063.0,246.3,2007.5
2018/2019,2018,NHS SOMERSET INTEGRATED CARE BOARD,E54000038,1369.0,11274.0,562159.0,243.5,2005.5
2018/2019,2018,NHS HAMPSHIRE AND ISLE OF WIGHT INTEGRATED CARE BOARD,E54000042,4398.0,37122.0,1809464.0,243.1,2051.5
2018/2019,2018,NHS NORTH CENTRAL LONDON INTEGRATED CARE BOARD,E54000028,3343.0,23332.0,1435182.0,232.9,1625.7
2018/2019,2018,"NHS BRISTOL, NORTH SOMERSET AND SOUTH GLOUCESTERSHIRE INTEGRATED CARE BOARD",E54000039,2201.0,18321.0,963105.0,228.5,1902.3
2018/2019,2018,"NHS BATH AND NORTH EAST SOMERSET, SWINDON AND WILTSHIRE INTEGRATED CARE BOARD",E54000040,2110.0,14280.0,924266.0,228.3,1545.0
2018/2019,2018,NHS NORTH EAST LONDON INTEGRATED CARE BOARD,E54000029,4021.0,28095.0,1983158.0,202.8,1416.7
2018/2019,2018,NHS NORTH WEST LONDON INTEGRATED CARE BOARD,E54000027,4209.0,29068.0,2104696.0,200.0,1381.1
2018/2019,2018,NHS GLOUCESTERSHIRE INTEGRATED CARE BOARD,E54000043,1268.0,11371.0,634653.0,199.8,1791.7
2018/2019,2018,NHS CORNWALL AND THE ISLES OF SCILLY INTEGRATED CARE BOARD,E54000036,1109.0,10942.0,562127.0,197.3,1946.5
2018/2019,2018,"NHS SHROPSHIRE, TELFORD AND WREKIN INTEGRATED CARE BOARD",E54000011,932.0,9530.0,496660.0,187.7,1918.8
2018/2019,2018,NHS BIRMINGHAM AND SOLIHULL INTEGRATED CARE BOARD,E54000055,2249.0,14130.0,1360951.0,165.3,1038.2
2018/2019,2018,NHS COVENTRY AND WARWICKSHIRE INTEGRATED CARE BOARD,E54000018,1480.0,14411.0,921200.0,160.7,1564.4
2018/2019,2018,NHS HUMBER AND NORTH YORKSHIRE INTEGRATED CARE BOARD,E54000051,2576.0,24014.0,1689526.0,152.5,1421.3
2018/2019,2018,NHS WEST YORKSHIRE INTEGRATED CARE BOARD,E54000054,3256.0,29739.0,2375758.0,137.1,1251.8
2018/2019,2018,NHS STAFFORDSHIRE AND STOKE-ON-TRENT INTEGRATED CARE BOARD,E54000010,1442.0,13615.0,1125653.0,128.1,1209.5
2019/2020,2019,NHS KENT AND MEDWAY INTEGRATED CARE BOARD,E54000032,9134.0,82658.0,1842692.0,495.7,4485.7
2019/2020,2019,NHS SURREY HEARTLANDS INTEGRATED CARE BOARD,E54000063,4728.0,39907.0,1038338.0,455.3,3843.4
2019/2020,2019,NHS CHESHIRE AND MERSEYSIDE INTEGRATED CARE BOARD,E54000008,11062.0,92998.0,2502280.0,442.1,3716.5
2019/2020,2019,"NHS LEICESTER, LEICESTERSHIRE AND RUTLAND INTEGRATED CARE BOARD",E54000015,4823.0,41445.0,1110768.0,434.2,3731.2
2019/2020,2019,NHS NORTHAMPTONSHIRE INTEGRATED CARE BOARD,E54000059,3300.0,34146.0,777016.0,424.7,4394.5
2019/2020,2019,NHS NORFOLK AND WAVENEY INTEGRATED CARE BOARD,E54000022,4299.0,44872.0,1023324.0,420.1,4384.9
2019/2020,2019,NHS MID AND SOUTH ESSEX INTEGRATED CARE BOARD,E54000026,4919.0,44494.0,1194695.0,411.7,3724.3
2019/2020,2019,NHS LINCOLNSHIRE INTEGRATED CARE BOARD,E54000013,2969.0,28722.0,761263.0,390.0,3772.9
2019/2020,2019,NHS HEREFORDSHIRE AND WORCESTERSHIRE INTEGRATED CARE BOARD,E54000019,3014.0,28097.0,784623.0,384.1,3581.0
2019/2020,2019,NHS NOTTINGHAM AND NOTTINGHAMSHIRE INTEGRATED CARE BOARD,E54000060,4379.0,37280.0,1143060.0,383.1,3261.4
2019/2020,2019,NHS DERBY AND DERBYSHIRE INTEGRATED CARE BOARD,E54000058,4027.0,37176.0,1051894.0,382.8,3534.2
2019/2020,2019,"NHS BEDFORDSHIRE, LUTON AND MILTON KEYNES INTEGRATED CARE BOARD",E54000024,3498.0,31251.0,976433.0,358.2,3200.5
2019/2020,2019,"NHS BUCKINGHAMSHIRE, OXFORDSHIRE AND BERKSHIRE WEST INTEGRATED CARE BOARD",E54000044,5767.0,48959.0,1748767.0,329.8,2799.6
2019/2020,2019,NHS FRIMLEY INTEGRATED CARE BOARD,E54000034,2479.0,20306.0,760288.0,326.1,2670.8
2019/2020,2019,NHS SUFFOLK AND NORTH EAST ESSEX INTEGRATED CARE BOARD,E54000023,3143.0,30067.0,977127.0,321.7,3077.1
2019/2020,2019,NHS DORSET INTEGRATED CARE BOARD,E54000041,2470.0,22164.0,777881.0,317.5,2849.3
2019/2020,2019,NHS NORTH EAST LONDON INTEGRATED CARE BOARD,E54000029,6294.0,38406.0,2002361.0,314.3,1918.0
2019/2020,2019,NHS SOUTH WEST LONDON INTEGRATED CARE BOARD,E54000031,4700.0,38268.0,1518918.0,309.4,2519.4
2019/2020,2019,NHS LANCASHIRE AND SOUTH CUMBRIA INTEGRATED CARE BOARD,E54000048,5130.0,49912.0,1700827.0,301.6,2934.6
2019/2020,2019,NHS GREATER MANCHESTER INTEGRATED CARE BOARD,E54000057,8549.0,83407.0,2847959.0,300.2,2928.7
2019/2020,2019,NHS SOUTH EAST LONDON INTEGRATED CARE BOARD,E54000030,5418.0,40938.0,1814029.0,298.7,2256.7
2019/2020,2019,NHS NORTH EAST AND NORTH CUMBRIA INTEGRATED CARE BOARD,E54000050,8800.0,93440.0,2954912.0,297.8,3162.2
2019/2020,2019,NHS SUSSEX INTEGRATED CARE BOARD,E54000064,4946.0,44492.0,1696921.0,291.5,2621.9
2019/2020,2019,"NHS BATH AND NORTH EAST SOMERSET, SWINDON AND WILTSHIRE INTEGRATED CARE BOARD",E54000040,2698.0,18819.0,931106.0,289.8,2021.1
2019/2020,2019,NHS SOUTH YORKSHIRE INTEGRATED CARE BOARD,E54000061,3938.0,38140.0,1374386.0,286.5,2775.1
2019/2020,2019,NHS DEVON INTEGRATED CARE BOARD,E54000037,3418.0,34117.0,1200337.0,284.8,2842.3
2019/2020,2019,NHS HERTFORDSHIRE AND WEST ESSEX INTEGRATED CARE BOARD,E54000025,4149.0,35881.0,1488874.0,278.7,2409.9
2019/2020,2019,NHS NORTH CENTRAL LONDON INTEGRATED CARE BOARD,E54000028,3937.0,29519.0,1438587.0,273.7,2051.9
2019/2020,2019,NHS HAMPSHIRE AND ISLE OF WIGHT INTEGRATED CARE BOARD,E54000042,4957.0,43455.0,1812765.0,273.4,2397.2
2019/2020,2019,NHS CAMBRIDGESHIRE AND PETERBOROUGH INTEGRATED CARE BOARD,E54000056,2457.0,24931.0,901714.0,272.5,2764.8
2019/2020,2019,NHS BLACK COUNTRY INTEGRATED CARE BOARD,E54000062,3242.0,35973.0,1210407.0,267.8,2972.0
2019/2020,2019,"NHS BRISTOL, NORTH SOMERSET AND SOUTH GLOUCESTERSHIRE INTEGRATED CARE BOARD",E54000039,2580.0,21567.0,970023.0,266.0,2223.3
2019/2020,2019,NHS BIRMINGHAM AND SOLIHULL INTEGRATED CARE BOARD,E54000055,3601.0,21115.0,1366969.0,263.4,1544.7
2019/2020,2019,NHS SOMERSET INTEGRATED CARE BOARD,E54000038,1455.0,12743.0,564987.0,257.5,2255.5
2019/2020,2019,NHS NORTH WEST LONDON INTEGRATED CARE BOARD,E54000027,5230.0,38299.0,2115848.0,247.2,1810.1
2019/2020,2019,NHS CORNWALL AND THE ISLES OF SCILLY INTEGRATED CARE BOARD,E54000036,1276.0,12432.0,565793.0,225.5,2197.3
2019/2020,2019,NHS GLOUCESTERSHIRE INTEGRATED CARE BOARD,E54000043,1382.0,12989.0,638676.0,216.4,2033.7
2019/2020,2019,"NHS SHROPSHIRE, TELFORD AND WREKIN INTEGRATED CARE BOARD",E54000011,1081.0,10402.0,501810.0,215.4,2072.9
2019/2020,2019,NHS COVENTRY AND WARWICKSHIRE INTEGRATED CARE BOARD,E54000018,1679.0,17588.0,927870.0,181.0,1895.5
2019/2020,2019,NHS HUMBER AND NORTH YORKSHIRE INTEGRATED CARE BOARD,E54000051,2655.0,25650.0,1693839.0,156.7,1514.3
2019/2020,2019,NHS WEST YORKSHIRE INTEGRATED CARE BOARD,E54000054,3599.0,34451.0,2390391.0,150.6,1441.2
2019/2020,2019,NHS STAFFORDSHIRE AND STOKE-ON-TRENT INTEGRATED CARE BOARD,E54000010,1474.0,15117.0,1129298.0,130.5,1338.6
2020/2021,2020,NHS SURREY HEARTLANDS INTEGRATED CARE BOARD,E54000063,5261.0,43217.0,1041708.0,505.0,4148.7
2020/2021,2020,NHS KENT AND MEDWAY INTEGRATED CARE BOARD,E54000032,9164.0,84998.0,1848335.0,495.8,4598.6
2020/2021,2020,NHS CHESHIRE AND MERSEYSIDE INTEGRATED CARE BOARD,E54000008,11195.0,93581.0,2505804.0,446.8,3734.6
2020/2021,2020,NHS NORTHAMPTONSHIRE INTEGRATED CARE BOARD,E54000059,3450.0,35165.0,778996.0,442.9,4514.1
2020/2021,2020,"NHS LEICESTER, LEICESTERSHIRE AND RUTLAND INTEGRATED CARE BOARD",E54000015,4804.0,42932.0,1115091.0,430.8,3850.1
2020/2021,2020,NHS MID AND SOUTH ESSEX INTEGRATED CARE BOARD,E54000026,5050.0,45864.0,1196894.0,421.9,3831.9
2020/2021,2020,NHS LINCOLNSHIRE INTEGRATED CARE BOARD,E54000013,3182.0,31152.0,763610.0,416.7,4079.6
2020/2021,2020,NHS NORFOLK AND WAVENEY INTEGRATED CARE BOARD,E54000022,4256.0,43095.0,1026251.0,414.7,4199.3
2020/2021,2020,NHS DERBY AND DERBYSHIRE INTEGRATED CARE BOARD,E54000058,4250.0,40659.0,1052832.0,403.7,3861.9
2020/2021,2020,NHS HEREFORDSHIRE AND WORCESTERSHIRE INTEGRATED CARE BOARD,E54000019,2971.0,29882.0,785705.0,378.1,3803.2
2020/2021,2020,NHS NOTTINGHAM AND NOTTINGHAMSHIRE INTEGRATED CARE BOARD,E54000060,4270.0,36352.0,1144940.0,372.9,3175.0
2020/2021,2020,NHS SOUTH WEST LONDON INTEGRATED CARE BOARD,E54000031,5653.0,44507.0,1520368.0,371.8,2927.4
2020/2021,2020,"NHS BUCKINGHAMSHIRE, OXFORDSHIRE AND BERKSHIRE WEST INTEGRATED CARE BOARD",E54000044,6332.0,54626.0,1760509.0,359.7,3102.9
2020/2021,2020,"NHS BEDFORDSHIRE, LUTON AND MILTON KEYNES INTEGRATED CARE BOARD",E54000024,3493.0,31513.0,986038.0,354.2,3195.9
2020/2021,2020,NHS FRIMLEY INTEGRATED CARE BOARD,E54000034,2604.0,22720.0,763426.0,341.1,2976.1
2020/2021,2020,NHS DORSET INTEGRATED CARE BOARD,E54000041,2601.0,23506.0,777234.0,334.6,3024.3
2020/2021,2020,NHS SUFFOLK AND NORTH EAST ESSEX INTEGRATED CARE BOARD,E54000023,3262.0,31644.0,978534.0,333.4,3233.8
2020/2021,2020,NHS SOUTH EAST LONDON INTEGRATED CARE BOARD,E54000030,5795.0,45949.0,1808306.0,320.5,2541.0
2020/2021,2020,NHS GREATER MANCHESTER INTEGRATED CARE BOARD,E54000057,9106.0,88892.0,2856110.0,318.8,3112.3
2020/2021,2020,NHS SOUTH YORKSHIRE INTEGRATED CARE BOARD,E54000061,4365.0,40343.0,1373015.0,317.9,2938.3
2020/2021,2020,NHS NORTH CENTRAL LONDON INTEGRATED CARE BOARD,E54000028,4542.0,35291.0,1429515.0,317.7,2468.7
2020/2021,2020,NHS LANCASHIRE AND SOUTH CUMBRIA INTEGRATED CARE BOARD,E54000048,5350.0,52454.0,1706454.0,313.5,3073.9
2020/2021,2020,NHS SUSSEX INTEGRATED CARE BOARD,E54000064,5247.0,48714.0,1698432.0,308.9,2868.2
2020/2021,2020,"NHS BATH AND NORTH EAST SOMERSET, SWINDON AND WILTSHIRE INTEGRATED CARE BOARD",E54000040,2882.0,20213.0,937783.0,307.3,2155.4
2020/2021,2020,NHS NORTH EAST LONDON INTEGRATED CARE BOARD,E54000029,6076.0,40533.0,2001328.0,303.6,2025.3
2020/2021,2020,NHS NORTH EAST AND NORTH CUMBRIA INTEGRATED CARE BOARD,E54000050,8834.0,95563.0,2955715.0,298.9,3233.2
2020/2021,2020,NHS DEVON INTEGRATED CARE BOARD,E54000037,3518.0,36500.0,1204321.0,292.1,3030.8
2020/2021,2020,NHS HERTFORDSHIRE AND WEST ESSEX INTEGRATED CARE BOARD,E54000025,4368.0,38489.0,1495402.0,292.1,2573.8
2020/2021,2020,NHS CORNWALL AND THE ISLES OF SCILLY INTEGRATED CARE BOARD,E54000036,1654.0,14224.0,567075.0,291.7,2508.3
2020/2021,2020,NHS HAMPSHIRE AND ISLE OF WIGHT INTEGRATED CARE BOARD,E54000042,5244.0,45300.0,1816220.0,288.7,2494.2
2020/2021,2020,"NHS BRISTOL, NORTH SOMERSET AND SOUTH GLOUCESTERSHIRE INTEGRATED CARE BOARD",E54000039,2805.0,24501.0,974883.0,287.7,2513.2
2020/2021,2020,NHS CAMBRIDGESHIRE AND PETERBOROUGH INTEGRATED CARE BOARD,E54000056,2572.0,26348.0,905115.0,284.2,2911.0
2020/2021,2020,NHS NORTH WEST LONDON INTEGRATED CARE BOARD,E54000027,5963.0,44620.0,2107491.0,282.9,2117.2
2020/2021,2020,NHS BLACK COUNTRY INTEGRATED CARE BOARD,E54000062,3250.0,36005.0,1211650.0,268.2,2971.6
2020/2021,2020,NHS SOMERSET INTEGRATED CARE BOARD,E54000038,1455.0,12990.0,566310.0,256.9,2293.8
2020/2021,2020,"NHS SHROPSHIRE, TELFORD AND WREKIN INTEGRATED CARE BOARD",E54000011,1224.0,11612.0,504537.0,242.6,2301.5
2020/2021,2020,NHS BIRMINGHAM AND SOLIHULL INTEGRATED CARE BOARD,E54000055,3004.0,19300.0,1365124.0,220.1,1413.8
2020/2021,2020,NHS GLOUCESTERSHIRE INTEGRATED CARE BOARD,E54000043,1352.0,13762.0,640572.0,211.1,2148.4
2020/2021,2020,NHS COVENTRY AND WARWICKSHIRE INTEGRATED CARE BOARD,E54000018,1856.0,19622.0,933955.0,198.7,2101.0
2020/2021,2020,NHS WEST YORKSHIRE INTEGRATED CARE BOARD,E54000054,3831.0,37893.0,2396872.0,159.8,1580.9
2020/2021,2020,NHS HUMBER AND NORTH YORKSHIRE INTEGRATED CARE BOARD,E54000051,2613.0,25384.0,1692548.0,154.4,1499.8
2020/2021,2020,NHS STAFFORDSHIRE AND STOKE-ON-TRENT INTEGRATED CARE BOARD,E54000010,1487.0,15073.0,1130953.0,131.5,1332.8
2021/2022,2021,NHS CHESHIRE AND MERSEYSIDE INTEGRATED CARE BOARD,E54000008,16018.0,120153.0,2521674.0,635.2,4764.8
2021/2022,2021,NHS SURREY HEARTLANDS INTEGRATED CARE BOARD,E54000063,6278.0,50462.0,1051991.0,596.8,4796.8
2021/2022,2021,NHS KENT AND MEDWAY INTEGRATED CARE BOARD,E54000032,10664.0,93231.0,1858455.0,573.8,5016.6
2021/2022,2021,NHS MID AND SOUTH ESSEX INTEGRATED CARE BOARD,E54000026,5883.0,51026.0,1201441.0,489.7,4247.1
2021/2022,2021,NHS NORTHAMPTONSHIRE INTEGRATED CARE BOARD,E54000059,3791.0,38812.0,787125.0,481.6,4930.9
2021/2022,2021,NHS DERBY AND DERBYSHIRE INTEGRATED CARE BOARD,E54000058,5043.0,46632.0,1057970.0,476.7,4407.7
2021/2022,2021,"NHS LEICESTER, LEICESTERSHIRE AND RUTLAND INTEGRATED CARE BOARD",E54000015,5342.0,47638.0,1120914.0,476.6,4249.9
2021/2022,2021,NHS LINCOLNSHIRE INTEGRATED CARE BOARD,E54000013,3525.0,33993.0,769440.0,458.1,4417.9
2021/2022,2021,NHS NORFOLK AND WAVENEY INTEGRATED CARE BOARD,E54000022,4670.0,46702.0,1034922.0,451.2,4512.6
2021/2022,2021,NHS NOTTINGHAM AND NOTTINGHAMSHIRE INTEGRATED CARE BOARD,E54000060,5162.0,43978.0,1146110.0,450.4,3837.2
2021/2022,2021,NHS SOUTH WEST LONDON INTEGRATED CARE BOARD,E54000031,6750.0,52250.0,1507470.0,447.8,3466.1
2021/2022,2021,"NHS BUCKINGHAMSHIRE, OXFORDSHIRE AND BERKSHIRE WEST INTEGRATED CARE BOARD",E54000044,7879.0,65799.0,1781954.0,442.2,3692.5
2021/2022,2021,NHS HEREFORDSHIRE AND WORCESTERSHIRE INTEGRATED CARE BOARD,E54000019,3248.0,31934.0,792424.0,409.9,4029.9
2021/2022,2021,NHS NORTH CENTRAL LONDON INTEGRATED CARE BOARD,E54000028,5752.0,43747.0,1411166.0,407.6,3100.1
2021/2022,2021,NHS SOUTH YORKSHIRE INTEGRATED CARE BOARD,E54000061,5595.0,49301.0,1374792.0,407.0,3586.1
2021/2022,2021,"NHS BEDFORDSHIRE, LUTON AND MILTON KEYNES INTEGRATED CARE BOARD",E54000024,4055.0,35564.0,1001770.0,404.8,3550.1
2021/2022,2021,NHS FRIMLEY INTEGRATED CARE BOARD,E54000034,3061.0,26679.0,766826.0,399.2,3479.1
2021/2022,2021,"NHS BRISTOL, NORTH SOMERSET AND SOUTH GLOUCESTERSHIRE INTEGRATED CARE BOARD",E54000039,3889.0,31035.0,979556.0,397.0,3168.3
2021/2022,2021,NHS SUFFOLK AND NORTH EAST ESSEX INTEGRATED CARE BOARD,E54000023,3916.0,36692.0,988472.0,396.2,3712.0
2021/2022,2021,NHS DORSET INTEGRATED CARE BOARD,E54000041,3055.0,26703.0,781400.0,391.0,3417.3
2021/2022,2021,NHS SOUTH EAST LONDON INTEGRATED CARE BOARD,E54000030,6871.0,53576.0,1790539.0,383.7,2992.2
2021/2022,2021,NHS NORTH EAST LONDON INTEGRATED CARE BOARD,E54000029,7599.0,50518.0,2001819.0,379.6,2523.6
2021/2022,2021,"NHS BATH AND NORTH EAST SOMERSET, SWINDON AND WILTSHIRE INTEGRATED CARE BOARD",E54000040,3536.0,25937.0,945766.0,373.9,2742.4
2021/2022,2021,NHS GREATER MANCHESTER INTEGRATED CARE BOARD,E54000057,10582.0,99752.0,2869531.0,368.8,3476.2
2021/2022,2021,NHS SUSSEX INTEGRATED CARE BOARD,E54000064,6195.0,56284.0,1708363.0,362.6,3294.6
2021/2022,2021,NHS NORTH WEST LONDON INTEGRATED CARE BOARD,E54000027,7513.0,57216.0,2093775.0,358.8,2732.7
2021/2022,2021,NHS HERTFORDSHIRE AND WEST ESSEX INTEGRATED CARE BOARD,E54000025,5266.0,45525.0,1500915.0,350.9,3033.1
2021/2022,2021,NHS LANCASHIRE AND SOUTH CUMBRIA INTEGRATED CARE BOARD,E54000048,5950.0,57369.0,1718731.0,346.2,3337.9
2021/2022,2021,NHS CORNWALL AND THE ISLES OF SCILLY INTEGRATED CARE BOARD,E54000036,1973.0,16502.0,574219.0,343.6,2873.8
2021/2022,2021,NHS HAMPSHIRE AND ISLE OF WIGHT INTEGRATED CARE BOARD,E54000042,6047.0,50912.0,1826528.0,331.1,2787.4
2021/2022,2021,NHS NORTH EAST AND NORTH CUMBRIA INTEGRATED CARE BOARD,E54000050,9734.0,102793.0,2967777.0,328.0,3463.6
2021/2022,2021,NHS DEVON INTEGRATED CARE BOARD,E54000037,3995.0,39851.0,1218643.0,327.8,3270.1
2021/2022,2021,NHS CAMBRIDGESHIRE AND PETERBOROUGH INTEGRATED CARE BOARD,E54000056,2938.0,29037.0,917491.0,320.2,3164.8
2021/2022,2021,NHS BLACK COUNTRY INTEGRATED CARE BOARD,E54000062,3666.0,39640.0,1214138.0,301.9,3264.9
2021/2022,2021,NHS SOMERSET INTEGRATED CARE BOARD,E54000038,1680.0,13985.0,573100.0,293.1,2440.2
2021/2022,2021,"NHS SHROPSHIRE, TELFORD AND WREKIN INTEGRATED CARE BOARD",E54000011,1456.0,13721.0,510526.0,285.2,2687.6
2021/2022,2021,NHS BIRMINGHAM AND SOLIHULL INTEGRATED CARE BOARD,E54000055,3582.0,22023.0,1359962.0,263.4,1619.4
2021/2022,2021,NHS GLOUCESTERSHIRE INTEGRATED CARE BOARD,E54000043,1589.0,15615.0,646485.0,245.8,2415.4
2021/2022,2021,NHS COVENTRY AND WARWICKSHIRE INTEGRATED CARE BOARD,E54000018,2208.0,22207.0,943266.0,234.1,2354.3
2021/2022,2021,NHS WEST YORKSHIRE INTEGRATED CARE BOARD,E54000054,4700.0,44056.0,2401347.0,195.7,1834.6
2021/2022,2021,NHS HUMBER AND NORTH YORKSHIRE INTEGRATED CARE BOARD,E54000051,3080.0,28145.0,1700188.0,181.2,1655.4
2021/2022,2021,NHS STAFFORDSHIRE AND STOKE-ON-TRENT INTEGRATED CARE BOARD,E54000010,1688.0,16416.0,1135910.0,148.6,1445.2
2022/2023,2022,NHS CHESHIRE AND MERSEYSIDE INTEGRATED CARE BOARD,E54000008,21315.0,149382.0,2550206.0,835.8,5857.6
2022/2023,2022,NHS KENT AND MEDWAY INTEGRATED CARE BOARD,E54000032,13482.0,114221.0,1877610.0,718.0,6083.3
2022/2023,2022,NHS SURREY HEARTLANDS INTEGRATED CARE BOARD,E54000063,7447.0,58842.0,1061361.0,701.6,5544.0
2022/2023,2022,NHS DERBY AND DERBYSHIRE INTEGRATED CARE BOARD,E54000058,6300.0,56265.0,1067999.0,589.9,5268.3
2022/2023,2022,NHS MID AND SOUTH ESSEX INTEGRATED CARE BOARD,E54000026,7063.0,59036.0,1209499.0,584.0,4881.0
2022/2023,2022,"NHS LEICESTER, LEICESTERSHIRE AND RUTLAND INTEGRATED CARE BOARD",E54000015,6476.0,56659.0,1137436.0,569.4,4981.3
2022/2023,2022,"NHS BUCKINGHAMSHIRE, OXFORDSHIRE AND BERKSHIRE WEST INTEGRATED CARE BOARD",E54000044,9928.0,79991.0,1806092.0,549.7,4429.0
2022/2023,2022,NHS SOUTH WEST LONDON INTEGRATED CARE BOARD,E54000031,8156.0,62505.0,1513839.0,538.8,4128.9
2022/2023,2022,NHS NORTHAMPTONSHIRE INTEGRATED CARE BOARD,E54000059,4201.0,41887.0,792856.0,529.9,5283.1
2022/2023,2022,NHS LINCOLNSHIRE INTEGRATED CARE BOARD,E54000013,4068.0,37586.0,776038.0,524.2,4843.3
2022/2023,2022,NHS NOTTINGHAM AND NOTTINGHAMSHIRE INTEGRATED CARE BOARD,E54000060,6023.0,50895.0,1161948.0,518.4,4380.1
2022/2023,2022,NHS NORTH CENTRAL LONDON INTEGRATED CARE BOARD,E54000028,7341.0,56658.0,1416437.0,518.3,4000.0
2022/2023,2022,"NHS BRISTOL, NORTH SOMERSET AND SOUTH GLOUCESTERSHIRE INTEGRATED CARE BOARD",E54000039,5092.0,40141.0,994094.0,512.2,4037.9
2022/2023,2022,NHS SOUTH YORKSHIRE INTEGRATED CARE BOARD,E54000061,7051.0,61346.0,1392826.0,506.2,4404.4
2022/2023,2022,NHS CORNWALL AND THE ISLES OF SCILLY INTEGRATED CARE BOARD,E54000036,2905.0,21213.0,577931.0,502.7,3670.5
2022/2023,2022,"NHS BEDFORDSHIRE, LUTON AND MILTON KEYNES INTEGRATED CARE BOARD",E54000024,4939.0,41831.0,1016836.0,485.7,4113.8
2022/2023,2022,NHS NORFOLK AND WAVENEY INTEGRATED CARE BOARD,E54000022,5012.0,49259.0,1042108.0,480.9,4726.9
2022/2023,2022,"NHS BATH AND NORTH EAST SOMERSET, SWINDON AND WILTSHIRE INTEGRATED CARE BOARD",E54000040,4554.0,33667.0,954424.0,477.1,3527.5
2022/2023,2022,NHS SOUTH EAST LONDON INTEGRATED CARE BOARD,E54000030,8511.0,65222.0,1796334.0,473.8,3630.8
2022/2023,2022,NHS SUFFOLK AND NORTH EAST ESSEX INTEGRATED CARE BOARD,E54000023,4717.0,42662.0,998208.0,472.5,4273.9
2022/2023,2022,NHS FRIMLEY INTEGRATED CARE BOARD,E54000034,3635.0,30991.0,775345.0,468.8,3997.1
2022/2023,2022,NHS DORSET INTEGRATED CARE BOARD,E54000041,3656.0,30742.0,786293.0,465.0,3909.7
2022/2023,2022,NHS NORTH EAST LONDON INTEGRATED CARE BOARD,E54000029,9394.0,62638.0,2028291.0,463.1,3088.2
2022/2023,2022,NHS GREATER MANCHESTER INTEGRATED CARE BOARD,E54000057,13142.0,117139.0,2919285.0,450.2,4012.6
2022/2023,2022,NHS SUSSEX INTEGRATED CARE BOARD,E54000064,7734.0,67468.0,1722343.0,449.0,3917.2
2022/2023,2022,NHS NORTH WEST LONDON INTEGRATED CARE BOARD,E54000027,9409.0,72648.0,2116467.0,444.6,3432.5
2022/2023,2022,NHS HEREFORDSHIRE AND WORCESTERSHIRE INTEGRATED CARE BOARD,E54000019,3459.0,34026.0,798072.0,433.4,4263.5
2022/2023,2022,NHS HERTFORDSHIRE AND WEST ESSEX INTEGRATED CARE BOARD,E54000025,6425.0,53881.0,1507004.0,426.3,3575.4
2022/2023,2022,NHS BIRMINGHAM AND SOLIHULL INTEGRATED CARE BOARD,E54000055,5843.0,30739.0,1371550.0,426.0,2241.2
2022/2023,2022,NHS HAMPSHIRE AND ISLE OF WIGHT INTEGRATED CARE BOARD,E54000042,7516.0,61291.0,1843656.0,407.7,3324.4
2022/2023,2022,NHS LANCASHIRE AND SOUTH CUMBRIA INTEGRATED CARE BOARD,E54000048,6983.0,64162.0,1740587.0,401.2,3686.2
2022/2023,2022,NHS DEVON INTEGRATED CARE BOARD,E54000037,4835.0,46905.0,1232751.0,392.2,3804.9
2022/2023,2022,NHS NORTH EAST AND NORTH CUMBRIA INTEGRATED CARE BOARD,E54000050,11015.0,113324.0,3006982.0,366.3,3768.7
2022/2023,2022,NHS CAMBRIDGESHIRE AND PETERBOROUGH INTEGRATED CARE BOARD,E54000056,3379.0,32736.0,928696.0,363.8,3524.9
2022/2023,2022,NHS SOMERSET INTEGRATED CARE BOARD,E54000038,1972.0,15955.0,577349.0,341.6,2763.5
2022/2023,2022,"NHS SHROPSHIRE, TELFORD AND WREKIN INTEGRATED CARE BOARD",E54000011,1739.0,15393.0,516352.0,336.8,2981.1
2022/2023,2022,NHS BLACK COUNTRY INTEGRATED CARE BOARD,E54000062,3962.0,42552.0,1227001.0,322.9,3468.0
2022/2023,2022,NHS GLOUCESTERSHIRE INTEGRATED CARE BOARD,E54000043,1955.0,18323.0,652938.0,299.4,2806.2
2022/2023,2022,NHS STAFFORDSHIRE AND STOKE-ON-TRENT INTEGRATED CARE BOARD,E54000010,3216.0,26582.0,1147132.0,280.4,2317.3
2022/2023,2022,NHS COVENTRY AND WARWICKSHIRE INTEGRATED CARE BOARD,E54000018,2685.0,26320.0,960146.0,279.6,2741.2
2022/2023,2022,NHS WEST YORKSHIRE INTEGRATED CARE BOARD,E54000054,6088.0,54576.0,2427577.0,250.8,2248.2
2022/2023,2022,NHS HUMBER AND NORTH YORKSHIRE INTEGRATED CARE BOARD,E54000051,3876.0,34416.0,1714496.0,226.1,2007.4
2023/2024,2023,NHS CHESHIRE AND MERSEYSIDE INTEGRATED CARE BOARD,E54000008,23008.0,165934.0,2584603.0,890.2,6420.1
2023/2024,2023,NHS SURREY HEARTLANDS INTEGRATED CARE BOARD,E54000063,8807.0,66649.0,1074888.0,819.3,6200.6
2023/2024,2023,NHS MID AND SOUTH ESSEX INTEGRATED CARE BOARD,E54000026,9057.0,70449.0,1225206.0,739.2,5750.0
2023/2024,2023,NHS KENT AND MEDWAY INTEGRATED CARE BOARD,E54000032,13616.0,117349.0,1905588.0,714.5,6158.2
2023/2024,2023,NHS DERBY AND DERBYSHIRE INTEGRATED CARE BOARD,E54000058,7452.0,64575.0,1083536.0,687.7,5959.7
2023/2024,2023,NHS LINCOLNSHIRE INTEGRATED CARE BOARD,E54000013,5359.0,44736.0,783984.0,683.6,5706.2
2023/2024,2023,"NHS BEDFORDSHIRE, LUTON AND MILTON KEYNES INTEGRATED CARE BOARD",E54000024,7103.0,55545.0,1041985.0,681.7,5330.7
2023/2024,2023,NHS SOUTH WEST LONDON INTEGRATED CARE BOARD,E54000031,10132.0,74188.0,1532388.0,661.2,4841.3
2023/2024,2023,"NHS BUCKINGHAMSHIRE, OXFORDSHIRE AND BERKSHIRE WEST INTEGRATED CARE BOARD",E54000044,12099.0,97045.0,1836111.0,658.9,5285.4
2023/2024,2023,"NHS BRISTOL, NORTH SOMERSET AND SOUTH GLOUCESTERSHIRE INTEGRATED CARE BOARD",E54000039,6630.0,49751.0,1008738.0,657.3,4932.0
2023/2024,2023,NHS CORNWALL AND THE ISLES OF SCILLY INTEGRATED CARE BOARD,E54000036,3820.0,26126.0,581814.0,656.6,4490.4
2023/2024,2023,"NHS LEICESTER, LEICESTERSHIRE AND RUTLAND INTEGRATED CARE BOARD",E54000015,7551.0,67916.0,1157739.0,652.2,5866.3
2023/2024,2023,NHS NORTH CENTRAL LONDON INTEGRATED CARE BOARD,E54000028,9176.0,67997.0,1429135.0,642.1,4757.9
2023/2024,2023,NHS SOUTH EAST LONDON INTEGRATED CARE BOARD,E54000030,11299.0,80194.0,1813474.0,623.1,4422.1
2023/2024,2023,NHS NOTTINGHAM AND NOTTINGHAMSHIRE INTEGRATED CARE BOARD,E54000060,7144.0,58347.0,1173914.0,608.6,4970.3
2023/2024,2023,"NHS BATH AND NORTH EAST SOMERSET, SWINDON AND WILTSHIRE INTEGRATED CARE BOARD",E54000040,5763.0,40853.0,965281.0,597.0,4232.2
2023/2024,2023,NHS FRIMLEY INTEGRATED CARE BOARD,E54000034,4673.0,36644.0,790603.0,591.1,4634.9
2023/2024,2023,NHS NORTHAMPTONSHIRE INTEGRATED CARE BOARD,E54000059,4701.0,46701.0,805069.0,583.9,5800.9
2023/2024,2023,NHS SOUTH YORKSHIRE INTEGRATED CARE BOARD,E54000061,8211.0,70334.0,1412806.0,581.2,4978.3
2023/2024,2023,NHS SUFFOLK AND NORTH EAST ESSEX INTEGRATED CARE BOARD,E54000023,5886.0,48975.0,1013605.0,580.7,4831.8
2023/2024,2023,NHS NORTH EAST LONDON INTEGRATED CARE BOARD,E54000029,11672.0,75972.0,2068022.0,564.4,3673.7
2023/2024,2023,NHS NORFOLK AND WAVENEY INTEGRATED CARE BOARD,E54000022,5895.0,53093.0,1050895.0,561.0,5052.2
2023/2024,2023,NHS DORSET INTEGRATED CARE BOARD,E54000041,4362.0,34849.0,792777.0,550.2,4395.8
2023/2024,2023,NHS SUSSEX INTEGRATED CARE BOARD,E54000064,9569.0,79593.0,1741806.0,549.4,4569.6
2023/2024,2023,NHS NORTH WEST LONDON INTEGRATED CARE BOARD,E54000027,11763.0,85120.0,2156686.0,545.4,3946.8
2023/2024,2023,NHS GREATER MANCHESTER INTEGRATED CARE BOARD,E54000057,15743.0,135665.0,2965612.0,530.9,4574.6
2023/2024,2023,NHS BIRMINGHAM AND SOLIHULL INTEGRATED CARE BOARD,E54000055,7323.0,46136.0,1389948.0,526.9,3319.3
2023/2024,2023,NHS HAMPSHIRE AND ISLE OF WIGHT INTEGRATED CARE BOARD,E54000042,9707.0,74859.0,1866042.0,520.2,4011.6
2023/2024,2023,NHS HERTFORDSHIRE AND WEST ESSEX INTEGRATED CARE BOARD,E54000025,7667.0,62648.0,1526556.0,502.2,4103.9
2023/2024,2023,NHS HEREFORDSHIRE AND WORCESTERSHIRE INTEGRATED CARE BOARD,E54000019,3911.0,36834.0,805706.0,485.4,4571.6
2023/2024,2023,NHS DEVON INTEGRATED CARE BOARD,E54000037,5691.0,52263.0,1243876.0,457.5,4201.6
2023/2024,2023,NHS LANCASHIRE AND SOUTH CUMBRIA INTEGRATED CARE BOARD,E54000048,8009.0,70977.0,1765008.0,453.8,4021.3
2023/2024,2023,NHS CAMBRIDGESHIRE AND PETERBOROUGH INTEGRATED CARE BOARD,E54000056,4078.0,37646.0,942489.0,432.7,3994.3
2023/2024,2023,NHS SOMERSET INTEGRATED CARE BOARD,E54000038,2508.0,18370.0,582962.0,430.2,3151.1
2023/2024,2023,"NHS SHROPSHIRE, TELFORD AND WREKIN INTEGRATED CARE BOARD",E54000011,2152.0,16761.0,521975.0,412.3,3211.1
2023/2024,2023,NHS BLACK COUNTRY INTEGRATED CARE BOARD,E54000062,5116.0,48136.0,1245025.0,410.9,3866.3
2023/2024,2023,NHS NORTH EAST AND NORTH CUMBRIA INTEGRATED CARE BOARD,E54000050,12475.0,122085.0,3050087.0,409.0,4002.7
2023/2024,2023,NHS GLOUCESTERSHIRE INTEGRATED CARE BOARD,E54000043,2400.0,21663.0,661724.0,362.7,3273.7
2023/2024,2023,NHS STAFFORDSHIRE AND STOKE-ON-TRENT INTEGRATED CARE BOARD,E54000010,4136.0,33107.0,1163688.0,355.4,2845.0
2023/2024,2023,NHS COVENTRY AND WARWICKSHIRE INTEGRATED CARE BOARD,E54000018,3308.0,30227.0,979614.0,337.7,3085.6
2023/2024,2023,NHS WEST YORKSHIRE INTEGRATED CARE BOARD,E54000054,7807.0,67342.0,2460272.0,317.3,2737.2
2023/2024,2023,NHS HUMBER AND NORTH YORKSHIRE INTEGRATED CARE BOARD,E54000051,4947.0,39446.0,1731233.0,285.8,2278.5
2024/2025,2024,NHS CHESHIRE AND MERSEYSIDE INTEGRATED CARE BOARD,E54000008,27155.0,198009.0,2615425.0,1038.3,7570.8
2024/2025,2024,NHS SURREY HEARTLANDS INTEGRATED CARE BOARD,E54000063,10071.0,79181.0,1085554.0,927.7,7294.1
2024/2025,2024,"NHS SHROPSHIRE, TELFORD AND WREKIN INTEGRATED CARE BOARD",E54000011,4481.0,31074.0,528407.0,848.0,5880.7
2024/2025,2024,NHS LINCOLNSHIRE INTEGRATED CARE BOARD,E54000013,6652.0,55504.0,789502.0,842.6,7030.3
2024/2025,2024,NHS MID AND SOUTH ESSEX INTEGRATED CARE BOARD,E54000026,10067.0,83344.0,1241837.0,810.7,6711.3
2024/2025,2024,"NHS BRISTOL, NORTH SOMERSET AND SOUTH GLOUCESTERSHIRE INTEGRATED CARE BOARD",E54000039,8303.0,64362.0,1025309.0,809.8,6277.3
2024/2025,2024,NHS CORNWALL AND THE ISLES OF SCILLY INTEGRATED CARE BOARD,E54000036,4710.0,33170.0,585655.0,804.2,5663.7
2024/2025,2024,NHS DERBY AND DERBYSHIRE INTEGRATED CARE BOARD,E54000058,8770.0,73537.0,1096526.0,799.8,6706.4
2024/2025,2024,"NHS BEDFORDSHIRE, LUTON AND MILTON KEYNES INTEGRATED CARE BOARD",E54000024,8502.0,68423.0,1063247.0,799.6,6435.3
2024/2025,2024,NHS NORTH CENTRAL LONDON INTEGRATED CARE BOARD,E54000028,11462.0,84719.0,1436301.0,798.0,5898.4
2024/2025,2024,NHS KENT AND MEDWAY INTEGRATED CARE BOARD,E54000032,14865.0,124111.0,1931684.0,769.5,6425.0
2024/2025,2024,NHS SOUTH WEST LONDON INTEGRATED CARE BOARD,E54000031,11550.0,86936.0,1549431.0,745.4,5610.8
2024/2025,2024,NHS SOUTH EAST LONDON INTEGRATED CARE BOARD,E54000030,13550.0,97951.0,1824242.0,742.8,5369.4
2024/2025,2024,"NHS LEICESTER, LEICESTERSHIRE AND RUTLAND INTEGRATED CARE BOARD",E54000015,8598.0,74144.0,1175364.0,731.5,6308.2
2024/2025,2024,"NHS BUCKINGHAMSHIRE, OXFORDSHIRE AND BERKSHIRE WEST INTEGRATED CARE BOARD",E54000044,13575.0,111188.0,1862474.0,728.9,5969.9
2024/2025,2024,"NHS BATH AND NORTH EAST SOMERSET, SWINDON AND WILTSHIRE INTEGRATED CARE BOARD",E54000040,6982.0,49185.0,974918.0,716.2,5045.0
2024/2025,2024,NHS FRIMLEY INTEGRATED CARE BOARD,E54000034,5652.0,46316.0,803615.0,703.3,5763.5
2024/2025,2024,NHS SOUTH YORKSHIRE INTEGRATED CARE BOARD,E54000061,9960.0,79814.0,1430623.0,696.2,5579.0
2024/2025,2024,NHS NORTH WEST LONDON INTEGRATED CARE BOARD,E54000027,14776.0,103394.0,2181495.0,677.3,4739.6
2024/2025,2024,NHS NOTTINGHAM AND NOTTINGHAMSHIRE INTEGRATED CARE BOARD,E54000060,8039.0,62939.0,1188090.0,676.6,5297.5
2024/2025,2024,NHS NORTH EAST LONDON INTEGRATED CARE BOARD,E54000029,13905.0,98284.0,2098267.0,662.7,4684.1
2024/2025,2024,NHS HAMPSHIRE AND ISLE OF WIGHT INTEGRATED CARE BOARD,E54000042,12393.0,97426.0,1879207.0,659.5,5184.4
2024/2025,2024,NHS DORSET INTEGRATED CARE BOARD,E54000041,5205.0,39993.0,798914.0,651.5,5005.9
2024/2025,2024,NHS SUSSEX INTEGRATED CARE BOARD,E54000064,11334.0,93625.0,1759789.0,644.1,5320.2
2024/2025,2024,NHS NORFOLK AND WAVENEY INTEGRATED CARE BOARD,E54000022,6706.0,59062.0,1058014.0,633.8,5582.3
2024/2025,2024,NHS NORTHAMPTONSHIRE INTEGRATED CARE BOARD,E54000059,5146.0,50165.0,813682.0,632.4,6165.2
2024/2025,2024,NHS SUFFOLK AND NORTH EAST ESSEX INTEGRATED CARE BOARD,E54000023,6485.0,53950.0,1025557.0,632.3,5260.6
2024/2025,2024,NHS GREATER MANCHESTER INTEGRATED CARE BOARD,E54000057,17658.0,150034.0,3009664.0,586.7,4985.1
2024/2025,2024,NHS BIRMINGHAM AND SOLIHULL INTEGRATED CARE BOARD,E54000055,8170.0,52295.0,1404860.0,581.6,3722.4
2024/2025,2024,NHS HERTFORDSHIRE AND WEST ESSEX INTEGRATED CARE BOARD,E54000025,8742.0,72489.0,1545554.0,565.6,4690.2
2024/2025,2024,NHS HEREFORDSHIRE AND WORCESTERSHIRE INTEGRATED CARE BOARD,E54000019,4359.0,39942.0,812407.0,536.6,4916.5
2024/2025,2024,NHS DEVON INTEGRATED CARE BOARD,E54000037,6704.0,57343.0,1254506.0,534.4,4571.0
2024/2025,2024,NHS LANCASHIRE AND SOUTH CUMBRIA INTEGRATED CARE BOARD,E54000048,9083.0,78280.0,1790318.0,507.3,4372.4
2024/2025,2024,NHS SOMERSET INTEGRATED CARE BOARD,E54000038,2898.0,21294.0,588328.0,492.6,3619.4
2024/2025,2024,NHS CAMBRIDGESHIRE AND PETERBOROUGH INTEGRATED CARE BOARD,E54000056,4593.0,42228.0,955401.0,480.7,4419.9
2024/2025,2024,NHS STAFFORDSHIRE AND STOKE-ON-TRENT INTEGRATED CARE BOARD,E54000010,5601.0,43976.0,1177578.0,475.6,3734.4
2024/2025,2024,NHS NORTH EAST AND NORTH CUMBRIA INTEGRATED CARE BOARD,E54000050,13842.0,125117.0,3088985.0,448.1,4050.4
2024/2025,2024,NHS BLACK COUNTRY INTEGRATED CARE BOARD,E54000062,5602.0,52809.0,1262719.0,443.6,4182.2
2024/2025,2024,NHS GLOUCESTERSHIRE INTEGRATED CARE BOARD,E54000043,2725.0,24370.0,669380.0,407.1,3640.7
2024/2025,2024,NHS COVENTRY AND WARWICKSHIRE INTEGRATED CARE BOARD,E54000018,4054.0,36203.0,1001233.0,404.9,3615.8
2024/2025,2024,NHS WEST YORKSHIRE INTEGRATED CARE BOARD,E54000054,9249.0,80877.0,2487154.0,371.9,3251.8
2024/2025,2024,NHS HUMBER AND NORTH YORKSHIRE INTEGRATED CARE BOARD,E54000051,5867.0,48767.0,1748885.0,335.5,2788.5
