ORG_CODE1,ORG_NAME1,ICB_NAME,FY_LABEL,mean_6wk_pct,n_months
14R,EAST OF ENGLAND - H&J COMMISSIONING HUB,EAST OF ENGLAND - H&J COMMISSIONING HUB,2024/25,94.75,4
14R,EAST OF ENGLAND - H&J COMMISSIONING HUB,EAST OF ENGLAND - H&J COMMISSIONING HUB,2025/26,72.33333333333333,9
14M,LONDON - H&J COMMISSIONING HUB,LONDON - H&J COMMISSIONING HUB,2025/26,,1
14Q,MIDLANDS - H&J COMMISSIONING HUB,MIDLANDS - H&J COMMISSIONING HUB,2024/25,,1
14Q,MIDLANDS - H&J COMMISSIONING HUB,MIDLANDS - H&J COMMISSIONING HUB,2025/26,,6
13Q,NATIONAL COMMISSIONING HUB 1,NATIONAL COMMISSIONING HUB 1,2024/25,96.5,4
13Q,NATIONAL COMMISSIONING HUB 1,NATIONAL COMMISSIONING HUB 1,2025/26,97.66666666666667,9
92G,"NHS BATH AND NORTH EAST SOMERSET, SWINDON AND WILTSHIRE ICB - 92G","NHS BATH AND NORTH EAST SOMERSET, SWINDON AND WILTSHIRE ICB",2024/25,91.5,4
92G,"NHS BATH AND NORTH EAST SOMERSET, SWINDON AND WILTSHIRE ICB - 92G","NHS BATH AND NORTH EAST SOMERSET, SWINDON AND WILTSHIRE ICB",2025/26,92.66666666666667,9
M1J4Y,"NHS BEDFORDSHIRE, LUTON AND MILTON KEYNES ICB - M1J4Y","NHS BEDFORDSHIRE, LUTON AND MILTON KEYNES ICB",2024/25,98.0,4
M1J4Y,"NHS BEDFORDSHIRE, LUTON AND MILTON KEYNES ICB - M1J4Y","NHS BEDFORDSHIRE, LUTON AND MILTON KEYNES ICB",2025/26,94.0,9
15E,NHS BIRMINGHAM AND SOLIHULL ICB - 15E,NHS BIRMINGHAM AND SOLIHULL ICB,2024/25,89.25,4
15E,NHS BIRMINGHAM AND SOLIHULL ICB - 15E,NHS BIRMINGHAM AND SOLIHULL ICB,2025/26,87.77777777777777,9
D2P2L,NHS BLACK COUNTRY ICB - D2P2L,NHS BLACK COUNTRY ICB,2024/25,90.0,4
D2P2L,NHS BLACK COUNTRY ICB - D2P2L,NHS BLACK COUNTRY ICB,2025/26,81.33333333333333,9
15C,"NHS BRISTOL, NORTH SOMERSET AND SOUTH GLOUCESTERSHIRE ICB - 15C","NHS BRISTOL, NORTH SOMERSET AND SOUTH GLOUCESTERSHIRE ICB",2024/25,97.5,4
15C,"NHS BRISTOL, NORTH SOMERSET AND SOUTH GLOUCESTERSHIRE ICB - 15C","NHS BRISTOL, NORTH SOMERSET AND SOUTH GLOUCESTERSHIRE ICB",2025/26,97.88888888888889,9
10Q,"NHS BUCKINGHAMSHIRE, OXFORDSHIRE AND BERKSHIRE WEST ICB - 10Q","NHS BUCKINGHAMSHIRE, OXFORDSHIRE AND BERKSHIRE WEST ICB",2024/25,99.25,4
10Q,"NHS BUCKINGHAMSHIRE, OXFORDSHIRE AND BERKSHIRE WEST ICB - 10Q","NHS BUCKINGHAMSHIRE, OXFORDSHIRE AND BERKSHIRE WEST ICB",2025/26,99.44444444444444,9
14Y,"NHS BUCKINGHAMSHIRE, OXFORDSHIRE AND BERKSHIRE WEST ICB - 14Y","NHS BUCKINGHAMSHIRE, OXFORDSHIRE AND BERKSHIRE WEST ICB",2024/25,97.0,4
14Y,"NHS BUCKINGHAMSHIRE, OXFORDSHIRE AND BERKSHIRE WEST ICB - 14Y","NHS BUCKINGHAMSHIRE, OXFORDSHIRE AND BERKSHIRE WEST ICB",2025/26,97.66666666666667,9
15A,"NHS BUCKINGHAMSHIRE, OXFORDSHIRE AND BERKSHIRE WEST ICB - 15A","NHS BUCKINGHAMSHIRE, OXFORDSHIRE AND BERKSHIRE WEST ICB",2024/25,93.75,4
15A,"NHS BUCKINGHAMSHIRE, OXFORDSHIRE AND BERKSHIRE WEST ICB - 15A","NHS BUCKINGHAMSHIRE, OXFORDSHIRE AND BERKSHIRE WEST ICB",2025/26,83.44444444444444,9
06H,NHS CAMBRIDGESHIRE AND PETERBOROUGH ICB - 06H,NHS CAMBRIDGESHIRE AND PETERBOROUGH ICB,2024/25,96.0,4
06H,NHS CAMBRIDGESHIRE AND PETERBOROUGH ICB - 06H,NHS CAMBRIDGESHIRE AND PETERBOROUGH ICB,2025/26,91.11111111111111,9
01F,NHS CHESHIRE AND MERSEYSIDE ICB - 01F,NHS CHESHIRE AND MERSEYSIDE ICB,2024/25,93.0,4
01F,NHS CHESHIRE AND MERSEYSIDE ICB - 01F,NHS CHESHIRE AND MERSEYSIDE ICB,2025/26,76.22222222222223,9
01J,NHS CHESHIRE AND MERSEYSIDE ICB - 01J,NHS CHESHIRE AND MERSEYSIDE ICB,2024/25,96.25,4
01J,NHS CHESHIRE AND MERSEYSIDE ICB - 01J,NHS CHESHIRE AND MERSEYSIDE ICB,2025/26,97.33333333333333,9
01T,NHS CHESHIRE AND MERSEYSIDE ICB - 01T,NHS CHESHIRE AND MERSEYSIDE ICB,2024/25,94.5,4
01T,NHS CHESHIRE AND MERSEYSIDE ICB - 01T,NHS CHESHIRE AND MERSEYSIDE ICB,2025/26,93.44444444444444,9
01V,NHS CHESHIRE AND MERSEYSIDE ICB - 01V,NHS CHESHIRE AND MERSEYSIDE ICB,2024/25,95.5,4
01V,NHS CHESHIRE AND MERSEYSIDE ICB - 01V,NHS CHESHIRE AND MERSEYSIDE ICB,2025/26,94.66666666666667,9
01X,NHS CHESHIRE AND MERSEYSIDE ICB - 01X,NHS CHESHIRE AND MERSEYSIDE ICB,2024/25,97.75,4
01X,NHS CHESHIRE AND MERSEYSIDE ICB - 01X,NHS CHESHIRE AND MERSEYSIDE ICB,2025/26,99.0,9
02E,NHS CHESHIRE AND MERSEYSIDE ICB - 02E,NHS CHESHIRE AND MERSEYSIDE ICB,2024/25,90.75,4
02E,NHS CHESHIRE AND MERSEYSIDE ICB - 02E,NHS CHESHIRE AND MERSEYSIDE ICB,2025/26,92.44444444444444,9
12F,NHS CHESHIRE AND MERSEYSIDE ICB - 12F,NHS CHESHIRE AND MERSEYSIDE ICB,2024/25,98.75,4
12F,NHS CHESHIRE AND MERSEYSIDE ICB - 12F,NHS CHESHIRE AND MERSEYSIDE ICB,2025/26,55.857142857142854,9
27D,NHS CHESHIRE AND MERSEYSIDE ICB - 27D,NHS CHESHIRE AND MERSEYSIDE ICB,2024/25,91.75,4
27D,NHS CHESHIRE AND MERSEYSIDE ICB - 27D,NHS CHESHIRE AND MERSEYSIDE ICB,2025/26,90.77777777777777,9
99A,NHS CHESHIRE AND MERSEYSIDE ICB - 99A,NHS CHESHIRE AND MERSEYSIDE ICB,2024/25,98.5,4
99A,NHS CHESHIRE AND MERSEYSIDE ICB - 99A,NHS CHESHIRE AND MERSEYSIDE ICB,2025/26,96.11111111111111,9
11N,NHS CORNWALL AND THE ISLES OF SCILLY ICB - 11N,NHS CORNWALL AND THE ISLES OF SCILLY ICB,2024/25,91.25,4
11N,NHS CORNWALL AND THE ISLES OF SCILLY ICB - 11N,NHS CORNWALL AND THE ISLES OF SCILLY ICB,2025/26,85.5,9
B2M3M,NHS COVENTRY AND WARWICKSHIRE ICB - B2M3M,NHS COVENTRY AND WARWICKSHIRE ICB,2024/25,94.75,4
B2M3M,NHS COVENTRY AND WARWICKSHIRE ICB - B2M3M,NHS COVENTRY AND WARWICKSHIRE ICB,2025/26,95.11111111111111,9
15M,NHS DERBY AND DERBYSHIRE ICB - 15M,NHS DERBY AND DERBYSHIRE ICB,2024/25,88.5,4
15M,NHS DERBY AND DERBYSHIRE ICB - 15M,NHS DERBY AND DERBYSHIRE ICB,2025/26,69.33333333333333,9
15N,NHS DEVON ICB - 15N,NHS DEVON ICB,2024/25,89.25,4
15N,NHS DEVON ICB - 15N,NHS DEVON ICB,2025/26,88.77777777777777,9
11J,NHS DORSET ICB - 11J,NHS DORSET ICB,2024/25,97.25,4
11J,NHS DORSET ICB - 11J,NHS DORSET ICB,2025/26,95.44444444444444,9
D4U1Y,NHS FRIMLEY ICB - D4U1Y,NHS FRIMLEY ICB,2024/25,96.25,4
D4U1Y,NHS FRIMLEY ICB - D4U1Y,NHS FRIMLEY ICB,2025/26,91.66666666666667,9
11M,NHS GLOUCESTERSHIRE ICB - 11M,NHS GLOUCESTERSHIRE ICB,2024/25,93.75,4
11M,NHS GLOUCESTERSHIRE ICB - 11M,NHS GLOUCESTERSHIRE ICB,2025/26,89.55555555555556,9
00T,NHS GREATER MANCHESTER ICB - 00T,NHS GREATER MANCHESTER ICB,2024/25,76.25,4
00T,NHS GREATER MANCHESTER ICB - 00T,NHS GREATER MANCHESTER ICB,2025/26,74.55555555555556,9
00V,NHS GREATER MANCHESTER ICB - 00V,NHS GREATER MANCHESTER ICB,2024/25,85.5,4
00V,NHS GREATER MANCHESTER ICB - 00V,NHS GREATER MANCHESTER ICB,2025/26,61.44444444444444,9
00Y,NHS GREATER MANCHESTER ICB - 00Y,NHS GREATER MANCHESTER ICB,2024/25,61.5,4
00Y,NHS GREATER MANCHESTER ICB - 00Y,NHS GREATER MANCHESTER ICB,2025/26,74.22222222222223,9
01D,NHS GREATER MANCHESTER ICB - 01D,NHS GREATER MANCHESTER ICB,2024/25,62.25,4
01D,NHS GREATER MANCHESTER ICB - 01D,NHS GREATER MANCHESTER ICB,2025/26,60.22222222222222,9
01G,NHS GREATER MANCHESTER ICB - 01G,NHS GREATER MANCHESTER ICB,2024/25,81.0,4
01G,NHS GREATER MANCHESTER ICB - 01G,NHS GREATER MANCHESTER ICB,2025/26,83.33333333333333,9
01W,NHS GREATER MANCHESTER ICB - 01W,NHS GREATER MANCHESTER ICB,2024/25,83.25,4
01W,NHS GREATER MANCHESTER ICB - 01W,NHS GREATER MANCHESTER ICB,2025/26,79.11111111111111,9
01Y,NHS GREATER MANCHESTER ICB - 01Y,NHS GREATER MANCHESTER ICB,2024/25,96.25,4
01Y,NHS GREATER MANCHESTER ICB - 01Y,NHS GREATER MANCHESTER ICB,2025/26,94.77777777777777,9
02A,NHS GREATER MANCHESTER ICB - 02A,NHS GREATER MANCHESTER ICB,2024/25,78.75,4
02A,NHS GREATER MANCHESTER ICB - 02A,NHS GREATER MANCHESTER ICB,2025/26,72.77777777777777,9
02H,NHS GREATER MANCHESTER ICB - 02H,NHS GREATER MANCHESTER ICB,2024/25,91.0,4
02H,NHS GREATER MANCHESTER ICB - 02H,NHS GREATER MANCHESTER ICB,2025/26,92.44444444444444,9
14L,NHS GREATER MANCHESTER ICB - 14L,NHS GREATER MANCHESTER ICB,2024/25,77.25,4
14L,NHS GREATER MANCHESTER ICB - 14L,NHS GREATER MANCHESTER ICB,2025/26,77.77777777777777,9
10R,NHS HAMPSHIRE AND ISLE OF WIGHT ICB - 10R,NHS HAMPSHIRE AND ISLE OF WIGHT ICB,2024/25,83.0,4
10R,NHS HAMPSHIRE AND ISLE OF WIGHT ICB - 10R,NHS HAMPSHIRE AND ISLE OF WIGHT ICB,2025/26,79.55555555555556,9
D9Y0V,NHS HAMPSHIRE AND ISLE OF WIGHT ICB - D9Y0V,NHS HAMPSHIRE AND ISLE OF WIGHT ICB,2024/25,96.5,4
D9Y0V,NHS HAMPSHIRE AND ISLE OF WIGHT ICB - D9Y0V,NHS HAMPSHIRE AND ISLE OF WIGHT ICB,2025/26,93.77777777777777,9
18C,NHS HEREFORDSHIRE AND WORCESTERSHIRE ICB - 18C,NHS HEREFORDSHIRE AND WORCESTERSHIRE ICB,2024/25,86.5,4
18C,NHS HEREFORDSHIRE AND WORCESTERSHIRE ICB - 18C,NHS HEREFORDSHIRE AND WORCESTERSHIRE ICB,2025/26,86.55555555555556,9
06K,NHS HERTFORDSHIRE AND WEST ESSEX ICB - 06K,NHS HERTFORDSHIRE AND WEST ESSEX ICB,2024/25,62.75,4
06K,NHS HERTFORDSHIRE AND WEST ESSEX ICB - 06K,NHS HERTFORDSHIRE AND WEST ESSEX ICB,2025/26,71.55555555555556,9
06N,NHS HERTFORDSHIRE AND WEST ESSEX ICB - 06N,NHS HERTFORDSHIRE AND WEST ESSEX ICB,2024/25,70.25,4
06N,NHS HERTFORDSHIRE AND WEST ESSEX ICB - 06N,NHS HERTFORDSHIRE AND WEST ESSEX ICB,2025/26,71.33333333333333,9
07H,NHS HERTFORDSHIRE AND WEST ESSEX ICB - 07H,NHS HERTFORDSHIRE AND WEST ESSEX ICB,2024/25,98.25,4
07H,NHS HERTFORDSHIRE AND WEST ESSEX ICB - 07H,NHS HERTFORDSHIRE AND WEST ESSEX ICB,2025/26,95.11111111111111,9
02Y,NHS HUMBER AND NORTH YORKSHIRE ICB - 02Y,NHS HUMBER AND NORTH YORKSHIRE ICB,2024/25,87.0,4
02Y,NHS HUMBER AND NORTH YORKSHIRE ICB - 02Y,NHS HUMBER AND NORTH YORKSHIRE ICB,2025/26,79.57142857142857,9
03F,NHS HUMBER AND NORTH YORKSHIRE ICB - 03F,NHS HUMBER AND NORTH YORKSHIRE ICB,2024/25,82.75,4
03F,NHS HUMBER AND NORTH YORKSHIRE ICB - 03F,NHS HUMBER AND NORTH YORKSHIRE ICB,2025/26,61.888888888888886,9
03H,NHS HUMBER AND NORTH YORKSHIRE ICB - 03H,NHS HUMBER AND NORTH YORKSHIRE ICB,2024/25,67.75,4
03H,NHS HUMBER AND NORTH YORKSHIRE ICB - 03H,NHS HUMBER AND NORTH YORKSHIRE ICB,2025/26,64.11111111111111,9
03K,NHS HUMBER AND NORTH YORKSHIRE ICB - 03K,NHS HUMBER AND NORTH YORKSHIRE ICB,2024/25,99.75,4
03K,NHS HUMBER AND NORTH YORKSHIRE ICB - 03K,NHS HUMBER AND NORTH YORKSHIRE ICB,2025/26,96.33333333333333,9
03Q,NHS HUMBER AND NORTH YORKSHIRE ICB - 03Q,NHS HUMBER AND NORTH YORKSHIRE ICB,2024/25,98.0,4
03Q,NHS HUMBER AND NORTH YORKSHIRE ICB - 03Q,NHS HUMBER AND NORTH YORKSHIRE ICB,2025/26,91.22222222222223,9
42D,NHS HUMBER AND NORTH YORKSHIRE ICB - 42D,NHS HUMBER AND NORTH YORKSHIRE ICB,2024/25,99.25,4
42D,NHS HUMBER AND NORTH YORKSHIRE ICB - 42D,NHS HUMBER AND NORTH YORKSHIRE ICB,2025/26,98.0,9
91Q,NHS KENT AND MEDWAY ICB - 91Q,NHS KENT AND MEDWAY ICB,2024/25,83.0,4
91Q,NHS KENT AND MEDWAY ICB - 91Q,NHS KENT AND MEDWAY ICB,2025/26,93.55555555555556,9
00Q,NHS LANCASHIRE AND SOUTH CUMBRIA ICB - 00Q,NHS LANCASHIRE AND SOUTH CUMBRIA ICB,2024/25,98.5,4
00Q,NHS LANCASHIRE AND SOUTH CUMBRIA ICB - 00Q,NHS LANCASHIRE AND SOUTH CUMBRIA ICB,2025/26,92.11111111111111,9
00R,NHS LANCASHIRE AND SOUTH CUMBRIA ICB - 00R,NHS LANCASHIRE AND SOUTH CUMBRIA ICB,2024/25,96.0,4
00R,NHS LANCASHIRE AND SOUTH CUMBRIA ICB - 00R,NHS LANCASHIRE AND SOUTH CUMBRIA ICB,2025/26,95.66666666666667,9
00X,NHS LANCASHIRE AND SOUTH CUMBRIA ICB - 00X,NHS LANCASHIRE AND SOUTH CUMBRIA ICB,2024/25,93.0,4
00X,NHS LANCASHIRE AND SOUTH CUMBRIA ICB - 00X,NHS LANCASHIRE AND SOUTH CUMBRIA ICB,2025/26,82.66666666666667,9
01A,NHS LANCASHIRE AND SOUTH CUMBRIA ICB - 01A,NHS LANCASHIRE AND SOUTH CUMBRIA ICB,2024/25,94.5,4
01A,NHS LANCASHIRE AND SOUTH CUMBRIA ICB - 01A,NHS LANCASHIRE AND SOUTH CUMBRIA ICB,2025/26,94.11111111111111,9
01E,NHS LANCASHIRE AND SOUTH CUMBRIA ICB - 01E,NHS LANCASHIRE AND SOUTH CUMBRIA ICB,2024/25,99.0,4
01E,NHS LANCASHIRE AND SOUTH CUMBRIA ICB - 01E,NHS LANCASHIRE AND SOUTH CUMBRIA ICB,2025/26,94.33333333333333,9
01K,NHS LANCASHIRE AND SOUTH CUMBRIA ICB - 01K,NHS LANCASHIRE AND SOUTH CUMBRIA ICB,2024/25,83.25,4
01K,NHS LANCASHIRE AND SOUTH CUMBRIA ICB - 01K,NHS LANCASHIRE AND SOUTH CUMBRIA ICB,2025/26,81.88888888888889,9
02G,NHS LANCASHIRE AND SOUTH CUMBRIA ICB - 02G,NHS LANCASHIRE AND SOUTH CUMBRIA ICB,2024/25,98.5,4
02G,NHS LANCASHIRE AND SOUTH CUMBRIA ICB - 02G,NHS LANCASHIRE AND SOUTH CUMBRIA ICB,2025/26,97.33333333333333,9
02M,NHS LANCASHIRE AND SOUTH CUMBRIA ICB - 02M,NHS LANCASHIRE AND SOUTH CUMBRIA ICB,2024/25,88.5,4
02M,NHS LANCASHIRE AND SOUTH CUMBRIA ICB - 02M,NHS LANCASHIRE AND SOUTH CUMBRIA ICB,2025/26,89.66666666666667,9
03W,"NHS LEICESTER, LEICESTERSHIRE AND RUTLAND ICB - 03W","NHS LEICESTER, LEICESTERSHIRE AND RUTLAND ICB",2024/25,97.5,4
03W,"NHS LEICESTER, LEICESTERSHIRE AND RUTLAND ICB - 03W","NHS LEICESTER, LEICESTERSHIRE AND RUTLAND ICB",2025/26,98.88888888888889,9
04C,"NHS LEICESTER, LEICESTERSHIRE AND RUTLAND ICB - 04C","NHS LEICESTER, LEICESTERSHIRE AND RUTLAND ICB",2024/25,97.25,4
04C,"NHS LEICESTER, LEICESTERSHIRE AND RUTLAND ICB - 04C","NHS LEICESTER, LEICESTERSHIRE AND RUTLAND ICB",2025/26,98.0,9
04V,"NHS LEICESTER, LEICESTERSHIRE AND RUTLAND ICB - 04V","NHS LEICESTER, LEICESTERSHIRE AND RUTLAND ICB",2024/25,98.5,4
04V,"NHS LEICESTER, LEICESTERSHIRE AND RUTLAND ICB - 04V","NHS LEICESTER, LEICESTERSHIRE AND RUTLAND ICB",2025/26,98.44444444444444,9
71E,NHS LINCOLNSHIRE ICB - 71E,NHS LINCOLNSHIRE ICB,2024/25,97.0,4
71E,NHS LINCOLNSHIRE ICB - 71E,NHS LINCOLNSHIRE ICB,2025/26,97.5,9
06Q,NHS MID AND SOUTH ESSEX ICB - 06Q,NHS MID AND SOUTH ESSEX ICB,2024/25,98.0,4
06Q,NHS MID AND SOUTH ESSEX ICB - 06Q,NHS MID AND SOUTH ESSEX ICB,2025/26,98.22222222222223,9
07G,NHS MID AND SOUTH ESSEX ICB - 07G,NHS MID AND SOUTH ESSEX ICB,2024/25,99.5,4
07G,NHS MID AND SOUTH ESSEX ICB - 07G,NHS MID AND SOUTH ESSEX ICB,2025/26,99.44444444444444,9
99E,NHS MID AND SOUTH ESSEX ICB - 99E,NHS MID AND SOUTH ESSEX ICB,2024/25,98.25,4
99E,NHS MID AND SOUTH ESSEX ICB - 99E,NHS MID AND SOUTH ESSEX ICB,2025/26,99.0,9
99F,NHS MID AND SOUTH ESSEX ICB - 99F,NHS MID AND SOUTH ESSEX ICB,2024/25,99.75,4
99F,NHS MID AND SOUTH ESSEX ICB - 99F,NHS MID AND SOUTH ESSEX ICB,2025/26,99.77777777777777,9
99G,NHS MID AND SOUTH ESSEX ICB - 99G,NHS MID AND SOUTH ESSEX ICB,2024/25,100.0,4
99G,NHS MID AND SOUTH ESSEX ICB - 99G,NHS MID AND SOUTH ESSEX ICB,2025/26,99.77777777777777,9
26A,NHS NORFOLK AND WAVENEY ICB - 26A,NHS NORFOLK AND WAVENEY ICB,2024/25,98.5,4
26A,NHS NORFOLK AND WAVENEY ICB - 26A,NHS NORFOLK AND WAVENEY ICB,2025/26,98.88888888888889,9
93C,NHS NORTH CENTRAL LONDON ICB - 93C,NHS NORTH CENTRAL LONDON ICB,2024/25,48.0,4
93C,NHS NORTH CENTRAL LONDON ICB - 93C,NHS NORTH CENTRAL LONDON ICB,2025/26,76.77777777777777,9
00L,NHS NORTH EAST AND NORTH CUMBRIA ICB - 00L,NHS NORTH EAST AND NORTH CUMBRIA ICB,2024/25,97.5,4
00L,NHS NORTH EAST AND NORTH CUMBRIA ICB - 00L,NHS NORTH EAST AND NORTH CUMBRIA ICB,2025/26,98.0,9
00N,NHS NORTH EAST AND NORTH CUMBRIA ICB - 00N,NHS NORTH EAST AND NORTH CUMBRIA ICB,2024/25,98.5,4
00N,NHS NORTH EAST AND NORTH CUMBRIA ICB - 00N,NHS NORTH EAST AND NORTH CUMBRIA ICB,2025/26,97.66666666666667,9
00P,NHS NORTH EAST AND NORTH CUMBRIA ICB - 00P,NHS NORTH EAST AND NORTH CUMBRIA ICB,2024/25,97.0,4
00P,NHS NORTH EAST AND NORTH CUMBRIA ICB - 00P,NHS NORTH EAST AND NORTH CUMBRIA ICB,2025/26,96.77777777777777,9
01H,NHS NORTH EAST AND NORTH CUMBRIA ICB - 01H,NHS NORTH EAST AND NORTH CUMBRIA ICB,2024/25,100.0,4
01H,NHS NORTH EAST AND NORTH CUMBRIA ICB - 01H,NHS NORTH EAST AND NORTH CUMBRIA ICB,2025/26,99.33333333333333,9
13T,NHS NORTH EAST AND NORTH CUMBRIA ICB - 13T,NHS NORTH EAST AND NORTH CUMBRIA ICB,2024/25,96.5,4
13T,NHS NORTH EAST AND NORTH CUMBRIA ICB - 13T,NHS NORTH EAST AND NORTH CUMBRIA ICB,2025/26,95.11111111111111,9
16C,NHS NORTH EAST AND NORTH CUMBRIA ICB - 16C,NHS NORTH EAST AND NORTH CUMBRIA ICB,2024/25,95.5,4
16C,NHS NORTH EAST AND NORTH CUMBRIA ICB - 16C,NHS NORTH EAST AND NORTH CUMBRIA ICB,2025/26,94.77777777777777,9
84H,NHS NORTH EAST AND NORTH CUMBRIA ICB - 84H,NHS NORTH EAST AND NORTH CUMBRIA ICB,2024/25,98.33333333333333,4
84H,NHS NORTH EAST AND NORTH CUMBRIA ICB - 84H,NHS NORTH EAST AND NORTH CUMBRIA ICB,2025/26,81.77777777777777,9
99C,NHS NORTH EAST AND NORTH CUMBRIA ICB - 99C,NHS NORTH EAST AND NORTH CUMBRIA ICB,2024/25,95.0,4
99C,NHS NORTH EAST AND NORTH CUMBRIA ICB - 99C,NHS NORTH EAST AND NORTH CUMBRIA ICB,2025/26,97.55555555555556,9
A3A8R,NHS NORTH EAST LONDON ICB - A3A8R,NHS NORTH EAST LONDON ICB,2024/25,96.5,4
A3A8R,NHS NORTH EAST LONDON ICB - A3A8R,NHS NORTH EAST LONDON ICB,2025/26,92.55555555555556,9
W2U3Z,NHS NORTH WEST LONDON ICB - W2U3Z,NHS NORTH WEST LONDON ICB,2024/25,91.5,4
W2U3Z,NHS NORTH WEST LONDON ICB - W2U3Z,NHS NORTH WEST LONDON ICB,2025/26,92.66666666666667,9
78H,NHS NORTHAMPTONSHIRE ICB - 78H,NHS NORTHAMPTONSHIRE ICB,2024/25,77.5,4
78H,NHS NORTHAMPTONSHIRE ICB - 78H,NHS NORTHAMPTONSHIRE ICB,2025/26,72.88888888888889,9
02Q,NHS NOTTINGHAM AND NOTTINGHAMSHIRE ICB - 02Q,NHS NOTTINGHAM AND NOTTINGHAMSHIRE ICB,2024/25,97.25,4
02Q,NHS NOTTINGHAM AND NOTTINGHAMSHIRE ICB - 02Q,NHS NOTTINGHAM AND NOTTINGHAMSHIRE ICB,2025/26,97.88888888888889,9
52R,NHS NOTTINGHAM AND NOTTINGHAMSHIRE ICB - 52R,NHS NOTTINGHAM AND NOTTINGHAMSHIRE ICB,2024/25,97.75,4
52R,NHS NOTTINGHAM AND NOTTINGHAMSHIRE ICB - 52R,NHS NOTTINGHAM AND NOTTINGHAMSHIRE ICB,2025/26,97.88888888888889,9
M2L0M,"NHS SHROPSHIRE, TELFORD AND WREKIN ICB - M2L0M","NHS SHROPSHIRE, TELFORD AND WREKIN ICB",2024/25,45.75,4
M2L0M,"NHS SHROPSHIRE, TELFORD AND WREKIN ICB - M2L0M","NHS SHROPSHIRE, TELFORD AND WREKIN ICB",2025/26,49.77777777777778,9
11X,NHS SOMERSET ICB - 11X,NHS SOMERSET ICB,2024/25,75.75,4
11X,NHS SOMERSET ICB - 11X,NHS SOMERSET ICB,2025/26,67.22222222222223,9
72Q,NHS SOUTH EAST LONDON ICB - 72Q,NHS SOUTH EAST LONDON ICB,2024/25,92.75,4
72Q,NHS SOUTH EAST LONDON ICB - 72Q,NHS SOUTH EAST LONDON ICB,2025/26,89.66666666666667,9
36L,NHS SOUTH WEST LONDON ICB - 36L,NHS SOUTH WEST LONDON ICB,2024/25,96.75,4
36L,NHS SOUTH WEST LONDON ICB - 36L,NHS SOUTH WEST LONDON ICB,2025/26,96.44444444444444,9
02P,NHS SOUTH YORKSHIRE ICB - 02P,NHS SOUTH YORKSHIRE ICB,2024/25,97.75,4
02P,NHS SOUTH YORKSHIRE ICB - 02P,NHS SOUTH YORKSHIRE ICB,2025/26,98.66666666666667,9
02X,NHS SOUTH YORKSHIRE ICB - 02X,NHS SOUTH YORKSHIRE ICB,2024/25,81.75,4
02X,NHS SOUTH YORKSHIRE ICB - 02X,NHS SOUTH YORKSHIRE ICB,2025/26,81.55555555555556,9
03L,NHS SOUTH YORKSHIRE ICB - 03L,NHS SOUTH YORKSHIRE ICB,2024/25,96.5,4
03L,NHS SOUTH YORKSHIRE ICB - 03L,NHS SOUTH YORKSHIRE ICB,2025/26,93.77777777777777,9
03N,NHS SOUTH YORKSHIRE ICB - 03N,NHS SOUTH YORKSHIRE ICB,2024/25,98.5,4
03N,NHS SOUTH YORKSHIRE ICB - 03N,NHS SOUTH YORKSHIRE ICB,2025/26,98.88888888888889,9
04Y,NHS STAFFORDSHIRE AND STOKE-ON-TRENT ICB - 04Y,NHS STAFFORDSHIRE AND STOKE-ON-TRENT ICB,2024/25,95.5,4
04Y,NHS STAFFORDSHIRE AND STOKE-ON-TRENT ICB - 04Y,NHS STAFFORDSHIRE AND STOKE-ON-TRENT ICB,2025/26,85.22222222222223,9
05D,NHS STAFFORDSHIRE AND STOKE-ON-TRENT ICB - 05D,NHS STAFFORDSHIRE AND STOKE-ON-TRENT ICB,2024/25,93.0,4
05D,NHS STAFFORDSHIRE AND STOKE-ON-TRENT ICB - 05D,NHS STAFFORDSHIRE AND STOKE-ON-TRENT ICB,2025/26,81.55555555555556,9
05G,NHS STAFFORDSHIRE AND STOKE-ON-TRENT ICB - 05G,NHS STAFFORDSHIRE AND STOKE-ON-TRENT ICB,2024/25,60.25,4
05G,NHS STAFFORDSHIRE AND STOKE-ON-TRENT ICB - 05G,NHS STAFFORDSHIRE AND STOKE-ON-TRENT ICB,2025/26,61.44444444444444,9
05Q,NHS STAFFORDSHIRE AND STOKE-ON-TRENT ICB - 05Q,NHS STAFFORDSHIRE AND STOKE-ON-TRENT ICB,2024/25,93.0,4
05Q,NHS STAFFORDSHIRE AND STOKE-ON-TRENT ICB - 05Q,NHS STAFFORDSHIRE AND STOKE-ON-TRENT ICB,2025/26,80.44444444444444,9
05V,NHS STAFFORDSHIRE AND STOKE-ON-TRENT ICB - 05V,NHS STAFFORDSHIRE AND STOKE-ON-TRENT ICB,2024/25,95.75,4
05V,NHS STAFFORDSHIRE AND STOKE-ON-TRENT ICB - 05V,NHS STAFFORDSHIRE AND STOKE-ON-TRENT ICB,2025/26,83.77777777777777,9
05W,NHS STAFFORDSHIRE AND STOKE-ON-TRENT ICB - 05W,NHS STAFFORDSHIRE AND STOKE-ON-TRENT ICB,2024/25,98.5,4
05W,NHS STAFFORDSHIRE AND STOKE-ON-TRENT ICB - 05W,NHS STAFFORDSHIRE AND STOKE-ON-TRENT ICB,2025/26,98.33333333333333,9
06L,NHS SUFFOLK AND NORTH EAST ESSEX ICB - 06L,NHS SUFFOLK AND NORTH EAST ESSEX ICB,2024/25,94.0,4
06L,NHS SUFFOLK AND NORTH EAST ESSEX ICB - 06L,NHS SUFFOLK AND NORTH EAST ESSEX ICB,2025/26,88.77777777777777,9
06T,NHS SUFFOLK AND NORTH EAST ESSEX ICB - 06T,NHS SUFFOLK AND NORTH EAST ESSEX ICB,2024/25,99.75,4
06T,NHS SUFFOLK AND NORTH EAST ESSEX ICB - 06T,NHS SUFFOLK AND NORTH EAST ESSEX ICB,2025/26,99.33333333333333,9
07K,NHS SUFFOLK AND NORTH EAST ESSEX ICB - 07K,NHS SUFFOLK AND NORTH EAST ESSEX ICB,2024/25,95.0,4
07K,NHS SUFFOLK AND NORTH EAST ESSEX ICB - 07K,NHS SUFFOLK AND NORTH EAST ESSEX ICB,2025/26,89.0,9
92A,NHS SURREY HEARTLANDS ICB - 92A,NHS SURREY HEARTLANDS ICB,2024/25,99.0,4
92A,NHS SURREY HEARTLANDS ICB - 92A,NHS SURREY HEARTLANDS ICB,2025/26,99.11111111111111,9
09D,NHS SUSSEX ICB - 09D,NHS SUSSEX ICB,2024/25,66.75,4
09D,NHS SUSSEX ICB - 09D,NHS SUSSEX ICB,2025/26,73.77777777777777,9
70F,NHS SUSSEX ICB - 70F,NHS SUSSEX ICB,2024/25,93.75,4
70F,NHS SUSSEX ICB - 70F,NHS SUSSEX ICB,2025/26,94.11111111111111,9
97R,NHS SUSSEX ICB - 97R,NHS SUSSEX ICB,2024/25,75.75,4
97R,NHS SUSSEX ICB - 97R,NHS SUSSEX ICB,2025/26,78.55555555555556,9
02T,NHS WEST YORKSHIRE ICB - 02T,NHS WEST YORKSHIRE ICB,2024/25,94.0,4
02T,NHS WEST YORKSHIRE ICB - 02T,NHS WEST YORKSHIRE ICB,2025/26,81.11111111111111,9
03R,NHS WEST YORKSHIRE ICB - 03R,NHS WEST YORKSHIRE ICB,2024/25,98.25,4
03R,NHS WEST YORKSHIRE ICB - 03R,NHS WEST YORKSHIRE ICB,2025/26,95.55555555555556,9
15F,NHS WEST YORKSHIRE ICB - 15F,NHS WEST YORKSHIRE ICB,2024/25,86.5,4
15F,NHS WEST YORKSHIRE ICB - 15F,NHS WEST YORKSHIRE ICB,2025/26,82.11111111111111,9
36J,NHS WEST YORKSHIRE ICB - 36J,NHS WEST YORKSHIRE ICB,2024/25,96.0,4
36J,NHS WEST YORKSHIRE ICB - 36J,NHS WEST YORKSHIRE ICB,2025/26,96.11111111111111,9
X2C4Y,NHS WEST YORKSHIRE ICB - X2C4Y,NHS WEST YORKSHIRE ICB,2024/25,100.0,4
X2C4Y,NHS WEST YORKSHIRE ICB - X2C4Y,NHS WEST YORKSHIRE ICB,2025/26,100.0,9
76A,NORTH EAST AND YORKSHIRE - H&J COMMISSIONING HUB,NORTH EAST AND YORKSHIRE - H&J COMMISSIONING HUB,2024/25,,4
76A,NORTH EAST AND YORKSHIRE - H&J COMMISSIONING HUB,NORTH EAST AND YORKSHIRE - H&J COMMISSIONING HUB,2025/26,,7
97T,SOUTH EAST - H&J COMMISSIONING HUB,SOUTH EAST - H&J COMMISSIONING HUB,2024/25,,3
97T,SOUTH EAST - H&J COMMISSIONING HUB,SOUTH EAST - H&J COMMISSIONING HUB,2025/26,,6
14T,SOUTH WEST - H&J COMMISSIONING HUB,SOUTH WEST - H&J COMMISSIONING HUB,2025/26,,1
InvalidCode,Unknown,Unknown,2024/25,74.5,4
InvalidCode,Unknown,Unknown,2025/26,86.44444444444444,9
